template_id,template,dof,first_failing_filter_or_status
1,"(3,2)",18,F3_content
2,"(3b,2)",18,F3_content
3,"(1,1) + (3,2)",21,F3_content
4,"(1,1) + (3b,2)",21,F3_content
5,"(1,1) + (1,1) + (3,2)",24,F3_content
6,"(1,1) + (1,1) + (3b,2)",24,F3_content
7,"(1,2) + (3,2)",24,F3_content
8,"(1,2) + (3b,2)",24,F3_content
9,"(1,1) + (1,2) + (3,2)",27,F3_content
10,"(1,1) + (1,2) + (3b,2)",27,F3_content
11,"(3,1) + (3,2)",27,F4_SU3_cubic
12,"(3,1) + (3b,2)",27,F4_SU3_cubic
13,"(3,2) + (3b,1)",27,F4_SU3_cubic
14,"(3b,1) + (3b,2)",27,F4_SU3_cubic
15,"(1,1) + (1,1) + (1,2) + (3,2)",30,F3_content
16,"(1,1) + (1,1) + (1,2) + (3b,2)",30,F3_content
17,"(1,1) + (3,1) + (3,2)",30,F4_SU3_cubic
18,"(1,1) + (3,1) + (3b,2)",30,F4_SU3_cubic
19,"(1,1) + (3,2) + (3b,1)",30,F4_SU3_cubic
20,"(1,1) + (3b,1) + (3b,2)",30,F4_SU3_cubic
21,"(1,1) + (1,1) + (3,1) + (3,2)",33,F4_SU3_cubic
22,"(1,1) + (1,1) + (3,1) + (3b,2)",33,F4_SU3_cubic
23,"(1,1) + (1,1) + (3,2) + (3b,1)",33,F4_SU3_cubic
24,"(1,1) + (1,1) + (3b,1) + (3b,2)",33,F4_SU3_cubic
25,"(1,2) + (3,1) + (3,2)",33,F4_SU3_cubic
26,"(1,2) + (3,1) + (3b,2)",33,F4_SU3_cubic
27,"(1,2) + (3,2) + (3b,1)",33,F4_SU3_cubic
28,"(1,2) + (3b,1) + (3b,2)",33,F4_SU3_cubic
29,"(1,1) + (1,2) + (3,1) + (3,2)",36,F4_SU3_cubic
30,"(1,1) + (1,2) + (3,1) + (3b,2)",36,F4_SU3_cubic
31,"(1,1) + (1,2) + (3,2) + (3b,1)",36,F4_SU3_cubic
32,"(1,1) + (1,2) + (3b,1) + (3b,2)",36,F4_SU3_cubic
33,"(3,1) + (3,1) + (3,2)",36,F4_SU3_cubic
34,"(3,1) + (3,1) + (3b,2)",36,F5_Witten
35,"(3,1) + (3,2) + (3b,1)",36,F4_SU3_cubic
36,"(3,1) + (3b,1) + (3b,2)",36,F4_SU3_cubic
37,"(3,2) + (3b,1) + (3b,1)",36,F5_Witten
38,"(3,2) + (6,1)",36,F4_SU3_cubic
39,"(3,2) + (6b,1)",36,F4_SU3_cubic
40,"(3b,1) + (3b,1) + (3b,2)",36,F4_SU3_cubic
41,"(3b,2) + (6,1)",36,F4_SU3_cubic
42,"(3b,2) + (6b,1)",36,F4_SU3_cubic
43,"(6,2)",36,F3_content
44,"(6b,2)",36,F3_content
45,"(1,1) + (1,1) + (1,2) + (3,1) + (3,2)",39,F4_SU3_cubic
46,"(1,1) + (1,1) + (1,2) + (3,1) + (3b,2)",39,F4_SU3_cubic
47,"(1,1) + (1,1) + (1,2) + (3,2) + (3b,1)",39,F4_SU3_cubic
48,"(1,1) + (1,1) + (1,2) + (3b,1) + (3b,2)",39,F4_SU3_cubic
49,"(1,1) + (3,1) + (3,1) + (3,2)",39,F4_SU3_cubic
50,"(1,1) + (3,1) + (3,1) + (3b,2)",39,F5_Witten
51,"(1,1) + (3,1) + (3,2) + (3b,1)",39,F4_SU3_cubic
52,"(1,1) + (3,1) + (3b,1) + (3b,2)",39,F4_SU3_cubic
53,"(1,1) + (3,2) + (3b,1) + (3b,1)",39,F5_Witten
54,"(1,1) + (3,2) + (6,1)",39,F4_SU3_cubic
55,"(1,1) + (3,2) + (6b,1)",39,F4_SU3_cubic
56,"(1,1) + (3b,1) + (3b,1) + (3b,2)",39,F4_SU3_cubic
57,"(1,1) + (3b,2) + (6,1)",39,F4_SU3_cubic
58,"(1,1) + (3b,2) + (6b,1)",39,F4_SU3_cubic
59,"(1,1) + (6,2)",39,F3_content
60,"(1,1) + (6b,2)",39,F3_content
61,"(1,1) + (1,1) + (3,1) + (3,1) + (3,2)",42,F4_SU3_cubic
62,"(1,1) + (1,1) + (3,1) + (3,1) + (3b,2)",42,F5_Witten
63,"(1,1) + (1,1) + (3,1) + (3,2) + (3b,1)",42,F4_SU3_cubic
64,"(1,1) + (1,1) + (3,1) + (3b,1) + (3b,2)",42,F4_SU3_cubic
65,"(1,1) + (1,1) + (3,2) + (3b,1) + (3b,1)",42,F5_Witten
66,"(1,1) + (1,1) + (3,2) + (6,1)",42,F4_SU3_cubic
67,"(1,1) + (1,1) + (3,2) + (6b,1)",42,F4_SU3_cubic
68,"(1,1) + (1,1) + (3b,1) + (3b,1) + (3b,2)",42,F4_SU3_cubic
69,"(1,1) + (1,1) + (3b,2) + (6,1)",42,F4_SU3_cubic
70,"(1,1) + (1,1) + (3b,2) + (6b,1)",42,F4_SU3_cubic
71,"(1,1) + (1,1) + (6,2)",42,F3_content
72,"(1,1) + (1,1) + (6b,2)",42,F3_content
73,"(1,2) + (3,1) + (3,1) + (3,2)",42,F4_SU3_cubic
74,"(1,2) + (3,1) + (3,1) + (3b,2)",42,F6_full_system_nondegeneracy
75,"(1,2) + (3,1) + (3,2) + (3b,1)",42,F4_SU3_cubic
76,"(1,2) + (3,1) + (3b,1) + (3b,2)",42,F4_SU3_cubic
77,"(1,2) + (3,2) + (3b,1) + (3b,1)",42,F6_full_system_nondegeneracy
78,"(1,2) + (3,2) + (6,1)",42,F4_SU3_cubic
79,"(1,2) + (3,2) + (6b,1)",42,F4_SU3_cubic
80,"(1,2) + (3b,1) + (3b,1) + (3b,2)",42,F4_SU3_cubic
81,"(1,2) + (3b,2) + (6,1)",42,F4_SU3_cubic
82,"(1,2) + (3b,2) + (6b,1)",42,F4_SU3_cubic
83,"(1,2) + (6,2)",42,F3_content
84,"(1,2) + (6b,2)",42,F3_content
85,"(3,2) + (8,1)",42,F4_SU3_cubic
86,"(3b,2) + (8,1)",42,F4_SU3_cubic
87,"(1,1) + (1,2) + (3,1) + (3,1) + (3,2)",45,F4_SU3_cubic
88,"(1,1) + (1,2) + (3,1) + (3,1) + (3b,2)",45,F7_CPT_duplicate
89,"(1,1) + (1,2) + (3,1) + (3,2) + (3b,1)",45,F4_SU3_cubic
90,"(1,1) + (1,2) + (3,1) + (3b,1) + (3b,2)",45,F4_SU3_cubic
91,"(1,1) + (1,2) + (3,2) + (3b,1) + (3b,1)",45,SURVIVOR_MINIMUM
92,"(1,1) + (1,2) + (3,2) + (6,1)",45,F4_SU3_cubic
93,"(1,1) + (1,2) + (3,2) + (6b,1)",45,F4_SU3_cubic
94,"(1,1) + (1,2) + (3b,1) + (3b,1) + (3b,2)",45,F4_SU3_cubic
95,"(1,1) + (1,2) + (3b,2) + (6,1)",45,F4_SU3_cubic
96,"(1,1) + (1,2) + (3b,2) + (6b,1)",45,F4_SU3_cubic
97,"(1,1) + (1,2) + (6,2)",45,F3_content
98,"(1,1) + (1,2) + (6b,2)",45,F3_content
99,"(1,1) + (3,2) + (8,1)",45,F4_SU3_cubic
100,"(1,1) + (3b,2) + (8,1)",45,F4_SU3_cubic
101,"(3,1) + (3,1) + (3,1) + (3,2)",45,F4_SU3_cubic
102,"(3,1) + (3,1) + (3,1) + (3b,2)",45,F4_SU3_cubic
103,"(3,1) + (3,1) + (3,2) + (3b,1)",45,F4_SU3_cubic
104,"(3,1) + (3,1) + (3b,1) + (3b,2)",45,F4_SU3_cubic
105,"(3,1) + (3,2) + (3b,1) + (3b,1)",45,F4_SU3_cubic
106,"(3,1) + (3,2) + (6,1)",45,F4_SU3_cubic
107,"(3,1) + (3,2) + (6b,1)",45,F4_SU3_cubic
108,"(3,1) + (3b,1) + (3b,1) + (3b,2)",45,F4_SU3_cubic
109,"(3,1) + (3b,2) + (6,1)",45,F4_SU3_cubic
110,"(3,1) + (3b,2) + (6b,1)",45,F4_SU3_cubic
111,"(3,1) + (6,2)",45,F1_SU3_AF
112,"(3,1) + (6b,2)",45,F1_SU3_AF
113,"(3,2) + (3b,1) + (3b,1) + (3b,1)",45,F4_SU3_cubic
114,"(3,2) + (3b,1) + (6,1)",45,F4_SU3_cubic
115,"(3,2) + (3b,1) + (6b,1)",45,F4_SU3_cubic
116,"(3b,1) + (3b,1) + (3b,1) + (3b,2)",45,F4_SU3_cubic
117,"(3b,1) + (3b,2) + (6,1)",45,F4_SU3_cubic
118,"(3b,1) + (3b,2) + (6b,1)",45,F4_SU3_cubic
119,"(3b,1) + (6,2)",45,F1_SU3_AF
120,"(3b,1) + (6b,2)",45,F1_SU3_AF
121,"(1,1) + (1,1) + (1,2) + (3,1) + (3,1) + (3,2)",48,F4_SU3_cubic
122,"(1,1) + (1,1) + (1,2) + (3,1) + (3,1) + (3b,2)",48,F7_CPT_duplicate
123,"(1,1) + (1,1) + (1,2) + (3,1) + (3,2) + (3b,1)",48,F4_SU3_cubic
124,"(1,1) + (1,1) + (1,2) + (3,1) + (3b,1) + (3b,2)",48,F4_SU3_cubic
125,"(1,1) + (1,1) + (1,2) + (3,2) + (3b,1) + (3b,1)",48,SURVIVOR_NONMINIMAL
126,"(1,1) + (1,1) + (1,2) + (3,2) + (6,1)",48,F4_SU3_cubic
127,"(1,1) + (1,1) + (1,2) + (3,2) + (6b,1)",48,F4_SU3_cubic
128,"(1,1) + (1,1) + (1,2) + (3b,1) + (3b,1) + (3b,2)",48,F4_SU3_cubic
129,"(1,1) + (1,1) + (1,2) + (3b,2) + (6,1)",48,F4_SU3_cubic
130,"(1,1) + (1,1) + (1,2) + (3b,2) + (6b,1)",48,F4_SU3_cubic
131,"(1,1) + (1,1) + (1,2) + (6,2)",48,F3_content
132,"(1,1) + (1,1) + (1,2) + (6b,2)",48,F3_content
133,"(1,1) + (1,1) + (3,2) + (8,1)",48,F4_SU3_cubic
134,"(1,1) + (1,1) + (3b,2) + (8,1)",48,F4_SU3_cubic
135,"(1,1) + (3,1) + (3,1) + (3,1) + (3,2)",48,F4_SU3_cubic
136,"(1,1) + (3,1) + (3,1) + (3,1) + (3b,2)",48,F4_SU3_cubic
137,"(1,1) + (3,1) + (3,1) + (3,2) + (3b,1)",48,F4_SU3_cubic
138,"(1,1) + (3,1) + (3,1) + (3b,1) + (3b,2)",48,F4_SU3_cubic
139,"(1,1) + (3,1) + (3,2) + (3b,1) + (3b,1)",48,F4_SU3_cubic
140,"(1,1) + (3,1) + (3,2) + (6,1)",48,F4_SU3_cubic
141,"(1,1) + (3,1) + (3,2) + (6b,1)",48,F4_SU3_cubic
142,"(1,1) + (3,1) + (3b,1) + (3b,1) + (3b,2)",48,F4_SU3_cubic
143,"(1,1) + (3,1) + (3b,2) + (6,1)",48,F4_SU3_cubic
144,"(1,1) + (3,1) + (3b,2) + (6b,1)",48,F4_SU3_cubic
145,"(1,1) + (3,1) + (6,2)",48,F1_SU3_AF
146,"(1,1) + (3,1) + (6b,2)",48,F1_SU3_AF
147,"(1,1) + (3,2) + (3b,1) + (3b,1) + (3b,1)",48,F4_SU3_cubic
148,"(1,1) + (3,2) + (3b,1) + (6,1)",48,F4_SU3_cubic
149,"(1,1) + (3,2) + (3b,1) + (6b,1)",48,F4_SU3_cubic
150,"(1,1) + (3b,1) + (3b,1) + (3b,1) + (3b,2)",48,F4_SU3_cubic
151,"(1,1) + (3b,1) + (3b,2) + (6,1)",48,F4_SU3_cubic
152,"(1,1) + (3b,1) + (3b,2) + (6b,1)",48,F4_SU3_cubic
153,"(1,1) + (3b,1) + (6,2)",48,F1_SU3_AF
154,"(1,1) + (3b,1) + (6b,2)",48,F1_SU3_AF
155,"(1,2) + (3,2) + (8,1)",48,F4_SU3_cubic
156,"(1,2) + (3b,2) + (8,1)",48,F4_SU3_cubic
157,"(8,2)",48,F1_SU3_AF
158,"(1,1) + (1,1) + (3,1) + (3,1) + (3,1) + (3,2)",51,F4_SU3_cubic
159,"(1,1) + (1,1) + (3,1) + (3,1) + (3,1) + (3b,2)",51,F4_SU3_cubic
160,"(1,1) + (1,1) + (3,1) + (3,1) + (3,2) + (3b,1)",51,F4_SU3_cubic
161,"(1,1) + (1,1) + (3,1) + (3,1) + (3b,1) + (3b,2)",51,F4_SU3_cubic
162,"(1,1) + (1,1) + (3,1) + (3,2) + (3b,1) + (3b,1)",51,F4_SU3_cubic
163,"(1,1) + (1,1) + (3,1) + (3,2) + (6,1)",51,F4_SU3_cubic
164,"(1,1) + (1,1) + (3,1) + (3,2) + (6b,1)",51,F4_SU3_cubic
165,"(1,1) + (1,1) + (3,1) + (3b,1) + (3b,1) + (3b,2)",51,F4_SU3_cubic
166,"(1,1) + (1,1) + (3,1) + (3b,2) + (6,1)",51,F4_SU3_cubic
167,"(1,1) + (1,1) + (3,1) + (3b,2) + (6b,1)",51,F4_SU3_cubic
168,"(1,1) + (1,1) + (3,1) + (6,2)",51,F1_SU3_AF
169,"(1,1) + (1,1) + (3,1) + (6b,2)",51,F1_SU3_AF
170,"(1,1) + (1,1) + (3,2) + (3b,1) + (3b,1) + (3b,1)",51,F4_SU3_cubic
171,"(1,1) + (1,1) + (3,2) + (3b,1) + (6,1)",51,F4_SU3_cubic
172,"(1,1) + (1,1) + (3,2) + (3b,1) + (6b,1)",51,F4_SU3_cubic
173,"(1,1) + (1,1) + (3b,1) + (3b,1) + (3b,1) + (3b,2)",51,F4_SU3_cubic
174,"(1,1) + (1,1) + (3b,1) + (3b,2) + (6,1)",51,F4_SU3_cubic
175,"(1,1) + (1,1) + (3b,1) + (3b,2) + (6b,1)",51,F4_SU3_cubic
176,"(1,1) + (1,1) + (3b,1) + (6,2)",51,F1_SU3_AF
177,"(1,1) + (1,1) + (3b,1) + (6b,2)",51,F1_SU3_AF
178,"(1,1) + (1,2) + (3,2) + (8,1)",51,F4_SU3_cubic
179,"(1,1) + (1,2) + (3b,2) + (8,1)",51,F4_SU3_cubic
180,"(1,1) + (8,2)",51,F1_SU3_AF
181,"(1,2) + (3,1) + (3,1) + (3,1) + (3,2)",51,F4_SU3_cubic
182,"(1,2) + (3,1) + (3,1) + (3,1) + (3b,2)",51,F4_SU3_cubic
183,"(1,2) + (3,1) + (3,1) + (3,2) + (3b,1)",51,F4_SU3_cubic
184,"(1,2) + (3,1) + (3,1) + (3b,1) + (3b,2)",51,F4_SU3_cubic
185,"(1,2) + (3,1) + (3,2) + (3b,1) + (3b,1)",51,F4_SU3_cubic
186,"(1,2) + (3,1) + (3,2) + (6,1)",51,F4_SU3_cubic
187,"(1,2) + (3,1) + (3,2) + (6b,1)",51,F4_SU3_cubic
188,"(1,2) + (3,1) + (3b,1) + (3b,1) + (3b,2)",51,F4_SU3_cubic
189,"(1,2) + (3,1) + (3b,2) + (6,1)",51,F4_SU3_cubic
190,"(1,2) + (3,1) + (3b,2) + (6b,1)",51,F4_SU3_cubic
191,"(1,2) + (3,1) + (6,2)",51,F1_SU3_AF
192,"(1,2) + (3,1) + (6b,2)",51,F1_SU3_AF
193,"(1,2) + (3,2) + (3b,1) + (3b,1) + (3b,1)",51,F4_SU3_cubic
194,"(1,2) + (3,2) + (3b,1) + (6,1)",51,F4_SU3_cubic
195,"(1,2) + (3,2) + (3b,1) + (6b,1)",51,F4_SU3_cubic
196,"(1,2) + (3b,1) + (3b,1) + (3b,1) + (3b,2)",51,F4_SU3_cubic
197,"(1,2) + (3b,1) + (3b,2) + (6,1)",51,F4_SU3_cubic
198,"(1,2) + (3b,1) + (3b,2) + (6b,1)",51,F4_SU3_cubic
199,"(1,2) + (3b,1) + (6,2)",51,F1_SU3_AF
200,"(1,2) + (3b,1) + (6b,2)",51,F1_SU3_AF
201,"(3,1) + (3,2) + (8,1)",51,F4_SU3_cubic
202,"(3,1) + (3b,2) + (8,1)",51,F4_SU3_cubic
203,"(3,2) + (3b,1) + (8,1)",51,F4_SU3_cubic
204,"(3b,1) + (3b,2) + (8,1)",51,F4_SU3_cubic
205,"(1,1) + (1,1) + (1,2) + (3,2) + (8,1)",54,F4_SU3_cubic
206,"(1,1) + (1,1) + (1,2) + (3b,2) + (8,1)",54,F4_SU3_cubic
207,"(1,1) + (1,1) + (8,2)",54,F1_SU3_AF
208,"(1,1) + (1,2) + (3,1) + (3,1) + (3,1) + (3,2)",54,F4_SU3_cubic
209,"(1,1) + (1,2) + (3,1) + (3,1) + (3,1) + (3b,2)",54,F4_SU3_cubic
210,"(1,1) + (1,2) + (3,1) + (3,1) + (3,2) + (3b,1)",54,F4_SU3_cubic
211,"(1,1) + (1,2) + (3,1) + (3,1) + (3b,1) + (3b,2)",54,F4_SU3_cubic
212,"(1,1) + (1,2) + (3,1) + (3,2) + (3b,1) + (3b,1)",54,F4_SU3_cubic
213,"(1,1) + (1,2) + (3,1) + (3,2) + (6,1)",54,F4_SU3_cubic
214,"(1,1) + (1,2) + (3,1) + (3,2) + (6b,1)",54,F4_SU3_cubic
215,"(1,1) + (1,2) + (3,1) + (3b,1) + (3b,1) + (3b,2)",54,F4_SU3_cubic
216,"(1,1) + (1,2) + (3,1) + (3b,2) + (6,1)",54,F4_SU3_cubic
217,"(1,1) + (1,2) + (3,1) + (3b,2) + (6b,1)",54,F4_SU3_cubic
218,"(1,1) + (1,2) + (3,1) + (6,2)",54,F1_SU3_AF
219,"(1,1) + (1,2) + (3,1) + (6b,2)",54,F1_SU3_AF
220,"(1,1) + (1,2) + (3,2) + (3b,1) + (3b,1) + (3b,1)",54,F4_SU3_cubic
221,"(1,1) + (1,2) + (3,2) + (3b,1) + (6,1)",54,F4_SU3_cubic
222,"(1,1) + (1,2) + (3,2) + (3b,1) + (6b,1)",54,F4_SU3_cubic
223,"(1,1) + (1,2) + (3b,1) + (3b,1) + (3b,1) + (3b,2)",54,F4_SU3_cubic
224,"(1,1) + (1,2) + (3b,1) + (3b,2) + (6,1)",54,F4_SU3_cubic
225,"(1,1) + (1,2) + (3b,1) + (3b,2) + (6b,1)",54,F4_SU3_cubic
226,"(1,1) + (1,2) + (3b,1) + (6,2)",54,F1_SU3_AF
227,"(1,1) + (1,2) + (3b,1) + (6b,2)",54,F1_SU3_AF
228,"(1,1) + (3,1) + (3,2) + (8,1)",54,F4_SU3_cubic
229,"(1,1) + (3,1) + (3b,2) + (8,1)",54,F4_SU3_cubic
230,"(1,1) + (3,2) + (3b,1) + (8,1)",54,F4_SU3_cubic
231,"(1,1) + (3b,1) + (3b,2) + (8,1)",54,F4_SU3_cubic
232,"(1,2) + (8,2)",54,F1_SU3_AF
233,"(3,1) + (3,1) + (3,2) + (6,1)",54,F4_SU3_cubic
234,"(3,1) + (3,1) + (3,2) + (6b,1)",54,F4_SU3_cubic
235,"(3,1) + (3,1) + (3b,2) + (6,1)",54,F4_SU3_cubic
236,"(3,1) + (3,1) + (3b,2) + (6b,1)",54,F4_SU3_cubic
237,"(3,1) + (3,1) + (6,2)",54,F1_SU3_AF
238,"(3,1) + (3,1) + (6b,2)",54,F1_SU3_AF
239,"(3,1) + (3,2) + (3b,1) + (6,1)",54,F4_SU3_cubic
240,"(3,1) + (3,2) + (3b,1) + (6b,1)",54,F4_SU3_cubic
241,"(3,1) + (3b,1) + (3b,2) + (6,1)",54,F4_SU3_cubic
242,"(3,1) + (3b,1) + (3b,2) + (6b,1)",54,F4_SU3_cubic
243,"(3,1) + (3b,1) + (6,2)",54,F1_SU3_AF
244,"(3,1) + (3b,1) + (6b,2)",54,F1_SU3_AF
245,"(3,2) + (3b,1) + (3b,1) + (6,1)",54,F4_SU3_cubic
246,"(3,2) + (3b,1) + (3b,1) + (6b,1)",54,F4_SU3_cubic
247,"(3,2) + (6,1) + (6,1)",54,F1_SU3_AF
248,"(3,2) + (6,1) + (6b,1)",54,F1_SU3_AF
249,"(3,2) + (6b,1) + (6b,1)",54,F1_SU3_AF
250,"(3b,1) + (3b,1) + (3b,2) + (6,1)",54,F4_SU3_cubic
251,"(3b,1) + (3b,1) + (3b,2) + (6b,1)",54,F4_SU3_cubic
252,"(3b,1) + (3b,1) + (6,2)",54,F1_SU3_AF
253,"(3b,1) + (3b,1) + (6b,2)",54,F1_SU3_AF
254,"(3b,2) + (6,1) + (6,1)",54,F1_SU3_AF
255,"(3b,2) + (6,1) + (6b,1)",54,F1_SU3_AF
256,"(3b,2) + (6b,1) + (6b,1)",54,F1_SU3_AF
257,"(6,1) + (6,2)",54,F1_SU3_AF
258,"(6,1) + (6b,2)",54,F1_SU3_AF
259,"(6,2) + (6b,1)",54,F1_SU3_AF
260,"(6b,1) + (6b,2)",54,F1_SU3_AF
261,"(1,1) + (1,1) + (1,2) + (3,1) + (3,1) + (3,1) + (3,2)",57,F4_SU3_cubic
262,"(1,1) + (1,1) + (1,2) + (3,1) + (3,1) + (3,1) + (3b,2)",57,F4_SU3_cubic
263,"(1,1) + (1,1) + (1,2) + (3,1) + (3,1) + (3,2) + (3b,1)",57,F4_SU3_cubic
264,"(1,1) + (1,1) + (1,2) + (3,1) + (3,1) + (3b,1) + (3b,2)",57,F4_SU3_cubic
265,"(1,1) + (1,1) + (1,2) + (3,1) + (3,2) + (3b,1) + (3b,1)",57,F4_SU3_cubic
266,"(1,1) + (1,1) + (1,2) + (3,1) + (3,2) + (6,1)",57,F4_SU3_cubic
267,"(1,1) + (1,1) + (1,2) + (3,1) + (3,2) + (6b,1)",57,F4_SU3_cubic
268,"(1,1) + (1,1) + (1,2) + (3,1) + (3b,1) + (3b,1) + (3b,2)",57,F4_SU3_cubic
269,"(1,1) + (1,1) + (1,2) + (3,1) + (3b,2) + (6,1)",57,F4_SU3_cubic
270,"(1,1) + (1,1) + (1,2) + (3,1) + (3b,2) + (6b,1)",57,F4_SU3_cubic
271,"(1,1) + (1,1) + (1,2) + (3,1) + (6,2)",57,F1_SU3_AF
272,"(1,1) + (1,1) + (1,2) + (3,1) + (6b,2)",57,F1_SU3_AF
273,"(1,1) + (1,1) + (1,2) + (3,2) + (3b,1) + (3b,1) + (3b,1)",57,F4_SU3_cubic
274,"(1,1) + (1,1) + (1,2) + (3,2) + (3b,1) + (6,1)",57,F4_SU3_cubic
275,"(1,1) + (1,1) + (1,2) + (3,2) + (3b,1) + (6b,1)",57,F4_SU3_cubic
276,"(1,1) + (1,1) + (1,2) + (3b,1) + (3b,1) + (3b,1) + (3b,2)",57,F4_SU3_cubic
277,"(1,1) + (1,1) + (1,2) + (3b,1) + (3b,2) + (6,1)",57,F4_SU3_cubic
278,"(1,1) + (1,1) + (1,2) + (3b,1) + (3b,2) + (6b,1)",57,F4_SU3_cubic
279,"(1,1) + (1,1) + (1,2) + (3b,1) + (6,2)",57,F1_SU3_AF
280,"(1,1) + (1,1) + (1,2) + (3b,1) + (6b,2)",57,F1_SU3_AF
281,"(1,1) + (1,1) + (3,1) + (3,2) + (8,1)",57,F4_SU3_cubic
282,"(1,1) + (1,1) + (3,1) + (3b,2) + (8,1)",57,F4_SU3_cubic
283,"(1,1) + (1,1) + (3,2) + (3b,1) + (8,1)",57,F4_SU3_cubic
284,"(1,1) + (1,1) + (3b,1) + (3b,2) + (8,1)",57,F4_SU3_cubic
285,"(1,1) + (1,2) + (8,2)",57,F1_SU3_AF
286,"(1,1) + (3,1) + (3,1) + (3,2) + (6,1)",57,F4_SU3_cubic
287,"(1,1) + (3,1) + (3,1) + (3,2) + (6b,1)",57,F4_SU3_cubic
288,"(1,1) + (3,1) + (3,1) + (3b,2) + (6,1)",57,F4_SU3_cubic
289,"(1,1) + (3,1) + (3,1) + (3b,2) + (6b,1)",57,F4_SU3_cubic
290,"(1,1) + (3,1) + (3,1) + (6,2)",57,F1_SU3_AF
291,"(1,1) + (3,1) + (3,1) + (6b,2)",57,F1_SU3_AF
292,"(1,1) + (3,1) + (3,2) + (3b,1) + (6,1)",57,F4_SU3_cubic
293,"(1,1) + (3,1) + (3,2) + (3b,1) + (6b,1)",57,F4_SU3_cubic
294,"(1,1) + (3,1) + (3b,1) + (3b,2) + (6,1)",57,F4_SU3_cubic
295,"(1,1) + (3,1) + (3b,1) + (3b,2) + (6b,1)",57,F4_SU3_cubic
296,"(1,1) + (3,1) + (3b,1) + (6,2)",57,F1_SU3_AF
297,"(1,1) + (3,1) + (3b,1) + (6b,2)",57,F1_SU3_AF
298,"(1,1) + (3,2) + (3b,1) + (3b,1) + (6,1)",57,F4_SU3_cubic
299,"(1,1) + (3,2) + (3b,1) + (3b,1) + (6b,1)",57,F4_SU3_cubic
300,"(1,1) + (3,2) + (6,1) + (6,1)",57,F1_SU3_AF
301,"(1,1) + (3,2) + (6,1) + (6b,1)",57,F1_SU3_AF
302,"(1,1) + (3,2) + (6b,1) + (6b,1)",57,F1_SU3_AF
303,"(1,1) + (3b,1) + (3b,1) + (3b,2) + (6,1)",57,F4_SU3_cubic
304,"(1,1) + (3b,1) + (3b,1) + (3b,2) + (6b,1)",57,F4_SU3_cubic
305,"(1,1) + (3b,1) + (3b,1) + (6,2)",57,F1_SU3_AF
306,"(1,1) + (3b,1) + (3b,1) + (6b,2)",57,F1_SU3_AF
307,"(1,1) + (3b,2) + (6,1) + (6,1)",57,F1_SU3_AF
308,"(1,1) + (3b,2) + (6,1) + (6b,1)",57,F1_SU3_AF
309,"(1,1) + (3b,2) + (6b,1) + (6b,1)",57,F1_SU3_AF
310,"(1,1) + (6,1) + (6,2)",57,F1_SU3_AF
311,"(1,1) + (6,1) + (6b,2)",57,F1_SU3_AF
312,"(1,1) + (6,2) + (6b,1)",57,F1_SU3_AF
313,"(1,1) + (6b,1) + (6b,2)",57,F1_SU3_AF
314,"(1,2) + (3,1) + (3,2) + (8,1)",57,F4_SU3_cubic
315,"(1,2) + (3,1) + (3b,2) + (8,1)",57,F4_SU3_cubic
316,"(1,2) + (3,2) + (3b,1) + (8,1)",57,F4_SU3_cubic
317,"(1,2) + (3b,1) + (3b,2) + (8,1)",57,F4_SU3_cubic
318,"(3,1) + (8,2)",57,F1_SU3_AF
319,"(3b,1) + (8,2)",57,F1_SU3_AF
320,"(1,1) + (1,1) + (1,2) + (8,2)",60,F1_SU3_AF
321,"(1,1) + (1,1) + (3,1) + (3,1) + (3,2) + (6,1)",60,F4_SU3_cubic
322,"(1,1) + (1,1) + (3,1) + (3,1) + (3,2) + (6b,1)",60,F4_SU3_cubic
323,"(1,1) + (1,1) + (3,1) + (3,1) + (3b,2) + (6,1)",60,F4_SU3_cubic
324,"(1,1) + (1,1) + (3,1) + (3,1) + (3b,2) + (6b,1)",60,F4_SU3_cubic
325,"(1,1) + (1,1) + (3,1) + (3,1) + (6,2)",60,F1_SU3_AF
326,"(1,1) + (1,1) + (3,1) + (3,1) + (6b,2)",60,F1_SU3_AF
327,"(1,1) + (1,1) + (3,1) + (3,2) + (3b,1) + (6,1)",60,F4_SU3_cubic
328,"(1,1) + (1,1) + (3,1) + (3,2) + (3b,1) + (6b,1)",60,F4_SU3_cubic
329,"(1,1) + (1,1) + (3,1) + (3b,1) + (3b,2) + (6,1)",60,F4_SU3_cubic
330,"(1,1) + (1,1) + (3,1) + (3b,1) + (3b,2) + (6b,1)",60,F4_SU3_cubic
331,"(1,1) + (1,1) + (3,1) + (3b,1) + (6,2)",60,F1_SU3_AF
332,"(1,1) + (1,1) + (3,1) + (3b,1) + (6b,2)",60,F1_SU3_AF
333,"(1,1) + (1,1) + (3,2) + (3b,1) + (3b,1) + (6,1)",60,F4_SU3_cubic
334,"(1,1) + (1,1) + (3,2) + (3b,1) + (3b,1) + (6b,1)",60,F4_SU3_cubic
335,"(1,1) + (1,1) + (3,2) + (6,1) + (6,1)",60,F1_SU3_AF
336,"(1,1) + (1,1) + (3,2) + (6,1) + (6b,1)",60,F1_SU3_AF
337,"(1,1) + (1,1) + (3,2) + (6b,1) + (6b,1)",60,F1_SU3_AF
338,"(1,1) + (1,1) + (3b,1) + (3b,1) + (3b,2) + (6,1)",60,F4_SU3_cubic
339,"(1,1) + (1,1) + (3b,1) + (3b,1) + (3b,2) + (6b,1)",60,F4_SU3_cubic
340,"(1,1) + (1,1) + (3b,1) + (3b,1) + (6,2)",60,F1_SU3_AF
341,"(1,1) + (1,1) + (3b,1) + (3b,1) + (6b,2)",60,F1_SU3_AF
342,"(1,1) + (1,1) + (3b,2) + (6,1) + (6,1)",60,F1_SU3_AF
343,"(1,1) + (1,1) + (3b,2) + (6,1) + (6b,1)",60,F1_SU3_AF
344,"(1,1) + (1,1) + (3b,2) + (6b,1) + (6b,1)",60,F1_SU3_AF
345,"(1,1) + (1,1) + (6,1) + (6,2)",60,F1_SU3_AF
346,"(1,1) + (1,1) + (6,1) + (6b,2)",60,F1_SU3_AF
347,"(1,1) + (1,1) + (6,2) + (6b,1)",60,F1_SU3_AF
348,"(1,1) + (1,1) + (6b,1) + (6b,2)",60,F1_SU3_AF
349,"(1,1) + (1,2) + (3,1) + (3,2) + (8,1)",60,F4_SU3_cubic
350,"(1,1) + (1,2) + (3,1) + (3b,2) + (8,1)",60,F4_SU3_cubic
351,"(1,1) + (1,2) + (3,2) + (3b,1) + (8,1)",60,F4_SU3_cubic
352,"(1,1) + (1,2) + (3b,1) + (3b,2) + (8,1)",60,F4_SU3_cubic
353,"(1,1) + (3,1) + (8,2)",60,F1_SU3_AF
354,"(1,1) + (3b,1) + (8,2)",60,F1_SU3_AF
355,"(1,2) + (3,1) + (3,1) + (3,2) + (6,1)",60,F4_SU3_cubic
356,"(1,2) + (3,1) + (3,1) + (3,2) + (6b,1)",60,F4_SU3_cubic
357,"(1,2) + (3,1) + (3,1) + (3b,2) + (6,1)",60,F4_SU3_cubic
358,"(1,2) + (3,1) + (3,1) + (3b,2) + (6b,1)",60,F4_SU3_cubic
359,"(1,2) + (3,1) + (3,1) + (6,2)",60,F1_SU3_AF
360,"(1,2) + (3,1) + (3,1) + (6b,2)",60,F1_SU3_AF
361,"(1,2) + (3,1) + (3,2) + (3b,1) + (6,1)",60,F4_SU3_cubic
362,"(1,2) + (3,1) + (3,2) + (3b,1) + (6b,1)",60,F4_SU3_cubic
363,"(1,2) + (3,1) + (3b,1) + (3b,2) + (6,1)",60,F4_SU3_cubic
364,"(1,2) + (3,1) + (3b,1) + (3b,2) + (6b,1)",60,F4_SU3_cubic
365,"(1,2) + (3,1) + (3b,1) + (6,2)",60,F1_SU3_AF
366,"(1,2) + (3,1) + (3b,1) + (6b,2)",60,F1_SU3_AF
367,"(1,2) + (3,2) + (3b,1) + (3b,1) + (6,1)",60,F4_SU3_cubic
368,"(1,2) + (3,2) + (3b,1) + (3b,1) + (6b,1)",60,F4_SU3_cubic
369,"(1,2) + (3,2) + (6,1) + (6,1)",60,F1_SU3_AF
370,"(1,2) + (3,2) + (6,1) + (6b,1)",60,F1_SU3_AF
371,"(1,2) + (3,2) + (6b,1) + (6b,1)",60,F1_SU3_AF
372,"(1,2) + (3b,1) + (3b,1) + (3b,2) + (6,1)",60,F4_SU3_cubic
373,"(1,2) + (3b,1) + (3b,1) + (3b,2) + (6b,1)",60,F4_SU3_cubic
374,"(1,2) + (3b,1) + (3b,1) + (6,2)",60,F1_SU3_AF
375,"(1,2) + (3b,1) + (3b,1) + (6b,2)",60,F1_SU3_AF
376,"(1,2) + (3b,2) + (6,1) + (6,1)",60,F1_SU3_AF
377,"(1,2) + (3b,2) + (6,1) + (6b,1)",60,F1_SU3_AF
378,"(1,2) + (3b,2) + (6b,1) + (6b,1)",60,F1_SU3_AF
379,"(1,2) + (6,1) + (6,2)",60,F1_SU3_AF
380,"(1,2) + (6,1) + (6b,2)",60,F1_SU3_AF
381,"(1,2) + (6,2) + (6b,1)",60,F1_SU3_AF
382,"(1,2) + (6b,1) + (6b,2)",60,F1_SU3_AF
383,"(3,1) + (3,1) + (3,2) + (8,1)",60,F4_SU3_cubic
384,"(3,1) + (3,1) + (3b,2) + (8,1)",60,F5_Witten
385,"(3,1) + (3,2) + (3b,1) + (8,1)",60,F4_SU3_cubic
386,"(3,1) + (3b,1) + (3b,2) + (8,1)",60,F4_SU3_cubic
387,"(3,2) + (3b,1) + (3b,1) + (8,1)",60,F5_Witten
388,"(3,2) + (6,1) + (8,1)",60,F1_SU3_AF
389,"(3,2) + (6b,1) + (8,1)",60,F1_SU3_AF
390,"(3b,1) + (3b,1) + (3b,2) + (8,1)",60,F4_SU3_cubic
391,"(3b,2) + (6,1) + (8,1)",60,F1_SU3_AF
392,"(3b,2) + (6b,1) + (8,1)",60,F1_SU3_AF
393,"(6,2) + (8,1)",60,F1_SU3_AF
394,"(6b,2) + (8,1)",60,F1_SU3_AF
395,"(1,1) + (1,1) + (1,2) + (3,1) + (3,2) + (8,1)",63,F4_SU3_cubic
396,"(1,1) + (1,1) + (1,2) + (3,1) + (3b,2) + (8,1)",63,F4_SU3_cubic
397,"(1,1) + (1,1) + (1,2) + (3,2) + (3b,1) + (8,1)",63,F4_SU3_cubic
398,"(1,1) + (1,1) + (1,2) + (3b,1) + (3b,2) + (8,1)",63,F4_SU3_cubic
399,"(1,1) + (1,1) + (3,1) + (8,2)",63,F1_SU3_AF
400,"(1,1) + (1,1) + (3b,1) + (8,2)",63,F1_SU3_AF
401,"(1,1) + (1,2) + (3,1) + (3,1) + (3,2) + (6,1)",63,F4_SU3_cubic
402,"(1,1) + (1,2) + (3,1) + (3,1) + (3,2) + (6b,1)",63,F4_SU3_cubic
403,"(1,1) + (1,2) + (3,1) + (3,1) + (3b,2) + (6,1)",63,F4_SU3_cubic
404,"(1,1) + (1,2) + (3,1) + (3,1) + (3b,2) + (6b,1)",63,F4_SU3_cubic
405,"(1,1) + (1,2) + (3,1) + (3,1) + (6,2)",63,F1_SU3_AF
406,"(1,1) + (1,2) + (3,1) + (3,1) + (6b,2)",63,F1_SU3_AF
407,"(1,1) + (1,2) + (3,1) + (3,2) + (3b,1) + (6,1)",63,F4_SU3_cubic
408,"(1,1) + (1,2) + (3,1) + (3,2) + (3b,1) + (6b,1)",63,F4_SU3_cubic
409,"(1,1) + (1,2) + (3,1) + (3b,1) + (3b,2) + (6,1)",63,F4_SU3_cubic
410,"(1,1) + (1,2) + (3,1) + (3b,1) + (3b,2) + (6b,1)",63,F4_SU3_cubic
411,"(1,1) + (1,2) + (3,1) + (3b,1) + (6,2)",63,F1_SU3_AF
412,"(1,1) + (1,2) + (3,1) + (3b,1) + (6b,2)",63,F1_SU3_AF
413,"(1,1) + (1,2) + (3,2) + (3b,1) + (3b,1) + (6,1)",63,F4_SU3_cubic
414,"(1,1) + (1,2) + (3,2) + (3b,1) + (3b,1) + (6b,1)",63,F4_SU3_cubic
415,"(1,1) + (1,2) + (3,2) + (6,1) + (6,1)",63,F1_SU3_AF
416,"(1,1) + (1,2) + (3,2) + (6,1) + (6b,1)",63,F1_SU3_AF
417,"(1,1) + (1,2) + (3,2) + (6b,1) + (6b,1)",63,F1_SU3_AF
418,"(1,1) + (1,2) + (3b,1) + (3b,1) + (3b,2) + (6,1)",63,F4_SU3_cubic
419,"(1,1) + (1,2) + (3b,1) + (3b,1) + (3b,2) + (6b,1)",63,F4_SU3_cubic
420,"(1,1) + (1,2) + (3b,1) + (3b,1) + (6,2)",63,F1_SU3_AF
421,"(1,1) + (1,2) + (3b,1) + (3b,1) + (6b,2)",63,F1_SU3_AF
422,"(1,1) + (1,2) + (3b,2) + (6,1) + (6,1)",63,F1_SU3_AF
423,"(1,1) + (1,2) + (3b,2) + (6,1) + (6b,1)",63,F1_SU3_AF
424,"(1,1) + (1,2) + (3b,2) + (6b,1) + (6b,1)",63,F1_SU3_AF
425,"(1,1) + (1,2) + (6,1) + (6,2)",63,F1_SU3_AF
426,"(1,1) + (1,2) + (6,1) + (6b,2)",63,F1_SU3_AF
427,"(1,1) + (1,2) + (6,2) + (6b,1)",63,F1_SU3_AF
428,"(1,1) + (1,2) + (6b,1) + (6b,2)",63,F1_SU3_AF
429,"(1,1) + (3,1) + (3,1) + (3,2) + (8,1)",63,F4_SU3_cubic
430,"(1,1) + (3,1) + (3,1) + (3b,2) + (8,1)",63,F5_Witten
431,"(1,1) + (3,1) + (3,2) + (3b,1) + (8,1)",63,F4_SU3_cubic
432,"(1,1) + (3,1) + (3b,1) + (3b,2) + (8,1)",63,F4_SU3_cubic
433,"(1,1) + (3,2) + (3b,1) + (3b,1) + (8,1)",63,F5_Witten
434,"(1,1) + (3,2) + (6,1) + (8,1)",63,F1_SU3_AF
435,"(1,1) + (3,2) + (6b,1) + (8,1)",63,F1_SU3_AF
436,"(1,1) + (3b,1) + (3b,1) + (3b,2) + (8,1)",63,F4_SU3_cubic
437,"(1,1) + (3b,2) + (6,1) + (8,1)",63,F1_SU3_AF
438,"(1,1) + (3b,2) + (6b,1) + (8,1)",63,F1_SU3_AF
439,"(1,1) + (6,2) + (8,1)",63,F1_SU3_AF
440,"(1,1) + (6b,2) + (8,1)",63,F1_SU3_AF
441,"(1,2) + (3,1) + (8,2)",63,F1_SU3_AF
442,"(1,2) + (3b,1) + (8,2)",63,F1_SU3_AF
443,"(3,1) + (3,1) + (3,1) + (6,2)",63,F1_SU3_AF
444,"(3,1) + (3,1) + (3,1) + (6b,2)",63,F1_SU3_AF
445,"(3,1) + (3,1) + (3b,1) + (6,2)",63,F1_SU3_AF
446,"(3,1) + (3,1) + (3b,1) + (6b,2)",63,F1_SU3_AF
447,"(3,1) + (3,2) + (6,1) + (6,1)",63,F1_SU3_AF
448,"(3,1) + (3,2) + (6,1) + (6b,1)",63,F1_SU3_AF
449,"(3,1) + (3,2) + (6b,1) + (6b,1)",63,F1_SU3_AF
450,"(3,1) + (3b,1) + (3b,1) + (6,2)",63,F1_SU3_AF
451,"(3,1) + (3b,1) + (3b,1) + (6b,2)",63,F1_SU3_AF
452,"(3,1) + (3b,2) + (6,1) + (6,1)",63,F1_SU3_AF
453,"(3,1) + (3b,2) + (6,1) + (6b,1)",63,F1_SU3_AF
454,"(3,1) + (3b,2) + (6b,1) + (6b,1)",63,F1_SU3_AF
455,"(3,1) + (6,1) + (6,2)",63,F1_SU3_AF
456,"(3,1) + (6,1) + (6b,2)",63,F1_SU3_AF
457,"(3,1) + (6,2) + (6b,1)",63,F1_SU3_AF
458,"(3,1) + (6b,1) + (6b,2)",63,F1_SU3_AF
459,"(3,2) + (3b,1) + (6,1) + (6,1)",63,F1_SU3_AF
460,"(3,2) + (3b,1) + (6,1) + (6b,1)",63,F1_SU3_AF
461,"(3,2) + (3b,1) + (6b,1) + (6b,1)",63,F1_SU3_AF
462,"(3b,1) + (3b,1) + (3b,1) + (6,2)",63,F1_SU3_AF
463,"(3b,1) + (3b,1) + (3b,1) + (6b,2)",63,F1_SU3_AF
464,"(3b,1) + (3b,2) + (6,1) + (6,1)",63,F1_SU3_AF
465,"(3b,1) + (3b,2) + (6,1) + (6b,1)",63,F1_SU3_AF
466,"(3b,1) + (3b,2) + (6b,1) + (6b,1)",63,F1_SU3_AF
467,"(3b,1) + (6,1) + (6,2)",63,F1_SU3_AF
468,"(3b,1) + (6,1) + (6b,2)",63,F1_SU3_AF
469,"(3b,1) + (6,2) + (6b,1)",63,F1_SU3_AF
470,"(3b,1) + (6b,1) + (6b,2)",63,F1_SU3_AF
471,"(1,1) + (1,1) + (1,2) + (3,1) + (3,1) + (3,2) + (6,1)",66,F4_SU3_cubic
472,"(1,1) + (1,1) + (1,2) + (3,1) + (3,1) + (3,2) + (6b,1)",66,F4_SU3_cubic
473,"(1,1) + (1,1) + (1,2) + (3,1) + (3,1) + (3b,2) + (6,1)",66,F4_SU3_cubic
474,"(1,1) + (1,1) + (1,2) + (3,1) + (3,1) + (3b,2) + (6b,1)",66,F4_SU3_cubic
475,"(1,1) + (1,1) + (1,2) + (3,1) + (3,1) + (6,2)",66,F1_SU3_AF
476,"(1,1) + (1,1) + (1,2) + (3,1) + (3,1) + (6b,2)",66,F1_SU3_AF
477,"(1,1) + (1,1) + (1,2) + (3,1) + (3,2) + (3b,1) + (6,1)",66,F4_SU3_cubic
478,"(1,1) + (1,1) + (1,2) + (3,1) + (3,2) + (3b,1) + (6b,1)",66,F4_SU3_cubic
479,"(1,1) + (1,1) + (1,2) + (3,1) + (3b,1) + (3b,2) + (6,1)",66,F4_SU3_cubic
480,"(1,1) + (1,1) + (1,2) + (3,1) + (3b,1) + (3b,2) + (6b,1)",66,F4_SU3_cubic
481,"(1,1) + (1,1) + (1,2) + (3,1) + (3b,1) + (6,2)",66,F1_SU3_AF
482,"(1,1) + (1,1) + (1,2) + (3,1) + (3b,1) + (6b,2)",66,F1_SU3_AF
483,"(1,1) + (1,1) + (1,2) + (3,2) + (3b,1) + (3b,1) + (6,1)",66,F4_SU3_cubic
484,"(1,1) + (1,1) + (1,2) + (3,2) + (3b,1) + (3b,1) + (6b,1)",66,F4_SU3_cubic
485,"(1,1) + (1,1) + (1,2) + (3,2) + (6,1) + (6,1)",66,F1_SU3_AF
486,"(1,1) + (1,1) + (1,2) + (3,2) + (6,1) + (6b,1)",66,F1_SU3_AF
487,"(1,1) + (1,1) + (1,2) + (3,2) + (6b,1) + (6b,1)",66,F1_SU3_AF
488,"(1,1) + (1,1) + (1,2) + (3b,1) + (3b,1) + (3b,2) + (6,1)",66,F4_SU3_cubic
489,"(1,1) + (1,1) + (1,2) + (3b,1) + (3b,1) + (3b,2) + (6b,1)",66,F4_SU3_cubic
490,"(1,1) + (1,1) + (1,2) + (3b,1) + (3b,1) + (6,2)",66,F1_SU3_AF
491,"(1,1) + (1,1) + (1,2) + (3b,1) + (3b,1) + (6b,2)",66,F1_SU3_AF
492,"(1,1) + (1,1) + (1,2) + (3b,2) + (6,1) + (6,1)",66,F1_SU3_AF
493,"(1,1) + (1,1) + (1,2) + (3b,2) + (6,1) + (6b,1)",66,F1_SU3_AF
494,"(1,1) + (1,1) + (1,2) + (3b,2) + (6b,1) + (6b,1)",66,F1_SU3_AF
495,"(1,1) + (1,1) + (1,2) + (6,1) + (6,2)",66,F1_SU3_AF
496,"(1,1) + (1,1) + (1,2) + (6,1) + (6b,2)",66,F1_SU3_AF
497,"(1,1) + (1,1) + (1,2) + (6,2) + (6b,1)",66,F1_SU3_AF
498,"(1,1) + (1,1) + (1,2) + (6b,1) + (6b,2)",66,F1_SU3_AF
499,"(1,1) + (1,1) + (3,1) + (3,1) + (3,2) + (8,1)",66,F4_SU3_cubic
500,"(1,1) + (1,1) + (3,1) + (3,1) + (3b,2) + (8,1)",66,F5_Witten
501,"(1,1) + (1,1) + (3,1) + (3,2) + (3b,1) + (8,1)",66,F4_SU3_cubic
502,"(1,1) + (1,1) + (3,1) + (3b,1) + (3b,2) + (8,1)",66,F4_SU3_cubic
503,"(1,1) + (1,1) + (3,2) + (3b,1) + (3b,1) + (8,1)",66,F5_Witten
504,"(1,1) + (1,1) + (3,2) + (6,1) + (8,1)",66,F1_SU3_AF
505,"(1,1) + (1,1) + (3,2) + (6b,1) + (8,1)",66,F1_SU3_AF
506,"(1,1) + (1,1) + (3b,1) + (3b,1) + (3b,2) + (8,1)",66,F4_SU3_cubic
507,"(1,1) + (1,1) + (3b,2) + (6,1) + (8,1)",66,F1_SU3_AF
508,"(1,1) + (1,1) + (3b,2) + (6b,1) + (8,1)",66,F1_SU3_AF
509,"(1,1) + (1,1) + (6,2) + (8,1)",66,F1_SU3_AF
510,"(1,1) + (1,1) + (6b,2) + (8,1)",66,F1_SU3_AF
511,"(1,1) + (1,2) + (3,1) + (8,2)",66,F1_SU3_AF
512,"(1,1) + (1,2) + (3b,1) + (8,2)",66,F1_SU3_AF
513,"(1,1) + (3,1) + (3,1) + (3,1) + (6,2)",66,F1_SU3_AF
514,"(1,1) + (3,1) + (3,1) + (3,1) + (6b,2)",66,F1_SU3_AF
515,"(1,1) + (3,1) + (3,1) + (3b,1) + (6,2)",66,F1_SU3_AF
516,"(1,1) + (3,1) + (3,1) + (3b,1) + (6b,2)",66,F1_SU3_AF
517,"(1,1) + (3,1) + (3,2) + (6,1) + (6,1)",66,F1_SU3_AF
518,"(1,1) + (3,1) + (3,2) + (6,1) + (6b,1)",66,F1_SU3_AF
519,"(1,1) + (3,1) + (3,2) + (6b,1) + (6b,1)",66,F1_SU3_AF
520,"(1,1) + (3,1) + (3b,1) + (3b,1) + (6,2)",66,F1_SU3_AF
521,"(1,1) + (3,1) + (3b,1) + (3b,1) + (6b,2)",66,F1_SU3_AF
522,"(1,1) + (3,1) + (3b,2) + (6,1) + (6,1)",66,F1_SU3_AF
523,"(1,1) + (3,1) + (3b,2) + (6,1) + (6b,1)",66,F1_SU3_AF
524,"(1,1) + (3,1) + (3b,2) + (6b,1) + (6b,1)",66,F1_SU3_AF
525,"(1,1) + (3,1) + (6,1) + (6,2)",66,F1_SU3_AF
526,"(1,1) + (3,1) + (6,1) + (6b,2)",66,F1_SU3_AF
527,"(1,1) + (3,1) + (6,2) + (6b,1)",66,F1_SU3_AF
528,"(1,1) + (3,1) + (6b,1) + (6b,2)",66,F1_SU3_AF
529,"(1,1) + (3,2) + (3b,1) + (6,1) + (6,1)",66,F1_SU3_AF
530,"(1,1) + (3,2) + (3b,1) + (6,1) + (6b,1)",66,F1_SU3_AF
531,"(1,1) + (3,2) + (3b,1) + (6b,1) + (6b,1)",66,F1_SU3_AF
532,"(1,1) + (3b,1) + (3b,1) + (3b,1) + (6,2)",66,F1_SU3_AF
533,"(1,1) + (3b,1) + (3b,1) + (3b,1) + (6b,2)",66,F1_SU3_AF
534,"(1,1) + (3b,1) + (3b,2) + (6,1) + (6,1)",66,F1_SU3_AF
535,"(1,1) + (3b,1) + (3b,2) + (6,1) + (6b,1)",66,F1_SU3_AF
536,"(1,1) + (3b,1) + (3b,2) + (6b,1) + (6b,1)",66,F1_SU3_AF
537,"(1,1) + (3b,1) + (6,1) + (6,2)",66,F1_SU3_AF
538,"(1,1) + (3b,1) + (6,1) + (6b,2)",66,F1_SU3_AF
539,"(1,1) + (3b,1) + (6,2) + (6b,1)",66,F1_SU3_AF
540,"(1,1) + (3b,1) + (6b,1) + (6b,2)",66,F1_SU3_AF
541,"(1,2) + (3,1) + (3,1) + (3,2) + (8,1)",66,F4_SU3_cubic
542,"(1,2) + (3,1) + (3,1) + (3b,2) + (8,1)",66,F7_CPT_duplicate
543,"(1,2) + (3,1) + (3,2) + (3b,1) + (8,1)",66,F4_SU3_cubic
544,"(1,2) + (3,1) + (3b,1) + (3b,2) + (8,1)",66,F4_SU3_cubic
545,"(1,2) + (3,2) + (3b,1) + (3b,1) + (8,1)",66,SURVIVOR_NONMINIMAL
546,"(1,2) + (3,2) + (6,1) + (8,1)",66,F1_SU3_AF
547,"(1,2) + (3,2) + (6b,1) + (8,1)",66,F1_SU3_AF
548,"(1,2) + (3b,1) + (3b,1) + (3b,2) + (8,1)",66,F4_SU3_cubic
549,"(1,2) + (3b,2) + (6,1) + (8,1)",66,F1_SU3_AF
550,"(1,2) + (3b,2) + (6b,1) + (8,1)",66,F1_SU3_AF
551,"(1,2) + (6,2) + (8,1)",66,F1_SU3_AF
552,"(1,2) + (6b,2) + (8,1)",66,F1_SU3_AF
553,"(3,1) + (3,1) + (8,2)",66,F1_SU3_AF
554,"(3,1) + (3b,1) + (8,2)",66,F1_SU3_AF
555,"(3,2) + (8,1) + (8,1)",66,F1_SU3_AF
556,"(3b,1) + (3b,1) + (8,2)",66,F1_SU3_AF
557,"(3b,2) + (8,1) + (8,1)",66,F1_SU3_AF
558,"(6,1) + (8,2)",66,F1_SU3_AF
559,"(6b,1) + (8,2)",66,F1_SU3_AF
560,"(1,1) + (1,1) + (1,2) + (3,1) + (8,2)",69,F1_SU3_AF
561,"(1,1) + (1,1) + (1,2) + (3b,1) + (8,2)",69,F1_SU3_AF
562,"(1,1) + (1,1) + (3,1) + (3,1) + (3,1) + (6,2)",69,F1_SU3_AF
563,"(1,1) + (1,1) + (3,1) + (3,1) + (3,1) + (6b,2)",69,F1_SU3_AF
564,"(1,1) + (1,1) + (3,1) + (3,1) + (3b,1) + (6,2)",69,F1_SU3_AF
565,"(1,1) + (1,1) + (3,1) + (3,1) + (3b,1) + (6b,2)",69,F1_SU3_AF
566,"(1,1) + (1,1) + (3,1) + (3,2) + (6,1) + (6,1)",69,F1_SU3_AF
567,"(1,1) + (1,1) + (3,1) + (3,2) + (6,1) + (6b,1)",69,F1_SU3_AF
568,"(1,1) + (1,1) + (3,1) + (3,2) + (6b,1) + (6b,1)",69,F1_SU3_AF
569,"(1,1) + (1,1) + (3,1) + (3b,1) + (3b,1) + (6,2)",69,F1_SU3_AF
570,"(1,1) + (1,1) + (3,1) + (3b,1) + (3b,1) + (6b,2)",69,F1_SU3_AF
571,"(1,1) + (1,1) + (3,1) + (3b,2) + (6,1) + (6,1)",69,F1_SU3_AF
572,"(1,1) + (1,1) + (3,1) + (3b,2) + (6,1) + (6b,1)",69,F1_SU3_AF
573,"(1,1) + (1,1) + (3,1) + (3b,2) + (6b,1) + (6b,1)",69,F1_SU3_AF
574,"(1,1) + (1,1) + (3,1) + (6,1) + (6,2)",69,F1_SU3_AF
575,"(1,1) + (1,1) + (3,1) + (6,1) + (6b,2)",69,F1_SU3_AF
576,"(1,1) + (1,1) + (3,1) + (6,2) + (6b,1)",69,F1_SU3_AF
577,"(1,1) + (1,1) + (3,1) + (6b,1) + (6b,2)",69,F1_SU3_AF
578,"(1,1) + (1,1) + (3,2) + (3b,1) + (6,1) + (6,1)",69,F1_SU3_AF
579,"(1,1) + (1,1) + (3,2) + (3b,1) + (6,1) + (6b,1)",69,F1_SU3_AF
580,"(1,1) + (1,1) + (3,2) + (3b,1) + (6b,1) + (6b,1)",69,F1_SU3_AF
581,"(1,1) + (1,1) + (3b,1) + (3b,1) + (3b,1) + (6,2)",69,F1_SU3_AF
582,"(1,1) + (1,1) + (3b,1) + (3b,1) + (3b,1) + (6b,2)",69,F1_SU3_AF
583,"(1,1) + (1,1) + (3b,1) + (3b,2) + (6,1) + (6,1)",69,F1_SU3_AF
584,"(1,1) + (1,1) + (3b,1) + (3b,2) + (6,1) + (6b,1)",69,F1_SU3_AF
585,"(1,1) + (1,1) + (3b,1) + (3b,2) + (6b,1) + (6b,1)",69,F1_SU3_AF
586,"(1,1) + (1,1) + (3b,1) + (6,1) + (6,2)",69,F1_SU3_AF
587,"(1,1) + (1,1) + (3b,1) + (6,1) + (6b,2)",69,F1_SU3_AF
588,"(1,1) + (1,1) + (3b,1) + (6,2) + (6b,1)",69,F1_SU3_AF
589,"(1,1) + (1,1) + (3b,1) + (6b,1) + (6b,2)",69,F1_SU3_AF
590,"(1,1) + (1,2) + (3,1) + (3,1) + (3,2) + (8,1)",69,F4_SU3_cubic
591,"(1,1) + (1,2) + (3,1) + (3,1) + (3b,2) + (8,1)",69,F7_CPT_duplicate
592,"(1,1) + (1,2) + (3,1) + (3,2) + (3b,1) + (8,1)",69,F4_SU3_cubic
593,"(1,1) + (1,2) + (3,1) + (3b,1) + (3b,2) + (8,1)",69,F4_SU3_cubic
594,"(1,1) + (1,2) + (3,2) + (3b,1) + (3b,1) + (8,1)",69,SURVIVOR_NONMINIMAL
595,"(1,1) + (1,2) + (3,2) + (6,1) + (8,1)",69,F1_SU3_AF
596,"(1,1) + (1,2) + (3,2) + (6b,1) + (8,1)",69,F1_SU3_AF
597,"(1,1) + (1,2) + (3b,1) + (3b,1) + (3b,2) + (8,1)",69,F4_SU3_cubic
598,"(1,1) + (1,2) + (3b,2) + (6,1) + (8,1)",69,F1_SU3_AF
599,"(1,1) + (1,2) + (3b,2) + (6b,1) + (8,1)",69,F1_SU3_AF
600,"(1,1) + (1,2) + (6,2) + (8,1)",69,F1_SU3_AF
601,"(1,1) + (1,2) + (6b,2) + (8,1)",69,F1_SU3_AF
602,"(1,1) + (3,1) + (3,1) + (8,2)",69,F1_SU3_AF
603,"(1,1) + (3,1) + (3b,1) + (8,2)",69,F1_SU3_AF
604,"(1,1) + (3,2) + (8,1) + (8,1)",69,F1_SU3_AF
605,"(1,1) + (3b,1) + (3b,1) + (8,2)",69,F1_SU3_AF
606,"(1,1) + (3b,2) + (8,1) + (8,1)",69,F1_SU3_AF
607,"(1,1) + (6,1) + (8,2)",69,F1_SU3_AF
608,"(1,1) + (6b,1) + (8,2)",69,F1_SU3_AF
609,"(1,2) + (3,1) + (3,1) + (3,1) + (6,2)",69,F1_SU3_AF
610,"(1,2) + (3,1) + (3,1) + (3,1) + (6b,2)",69,F1_SU3_AF
611,"(1,2) + (3,1) + (3,1) + (3b,1) + (6,2)",69,F1_SU3_AF
612,"(1,2) + (3,1) + (3,1) + (3b,1) + (6b,2)",69,F1_SU3_AF
613,"(1,2) + (3,1) + (3,2) + (6,1) + (6,1)",69,F1_SU3_AF
614,"(1,2) + (3,1) + (3,2) + (6,1) + (6b,1)",69,F1_SU3_AF
615,"(1,2) + (3,1) + (3,2) + (6b,1) + (6b,1)",69,F1_SU3_AF
616,"(1,2) + (3,1) + (3b,1) + (3b,1) + (6,2)",69,F1_SU3_AF
617,"(1,2) + (3,1) + (3b,1) + (3b,1) + (6b,2)",69,F1_SU3_AF
618,"(1,2) + (3,1) + (3b,2) + (6,1) + (6,1)",69,F1_SU3_AF
619,"(1,2) + (3,1) + (3b,2) + (6,1) + (6b,1)",69,F1_SU3_AF
620,"(1,2) + (3,1) + (3b,2) + (6b,1) + (6b,1)",69,F1_SU3_AF
621,"(1,2) + (3,1) + (6,1) + (6,2)",69,F1_SU3_AF
622,"(1,2) + (3,1) + (6,1) + (6b,2)",69,F1_SU3_AF
623,"(1,2) + (3,1) + (6,2) + (6b,1)",69,F1_SU3_AF
624,"(1,2) + (3,1) + (6b,1) + (6b,2)",69,F1_SU3_AF
625,"(1,2) + (3,2) + (3b,1) + (6,1) + (6,1)",69,F1_SU3_AF
626,"(1,2) + (3,2) + (3b,1) + (6,1) + (6b,1)",69,F1_SU3_AF
627,"(1,2) + (3,2) + (3b,1) + (6b,1) + (6b,1)",69,F1_SU3_AF
628,"(1,2) + (3b,1) + (3b,1) + (3b,1) + (6,2)",69,F1_SU3_AF
629,"(1,2) + (3b,1) + (3b,1) + (3b,1) + (6b,2)",69,F1_SU3_AF
630,"(1,2) + (3b,1) + (3b,2) + (6,1) + (6,1)",69,F1_SU3_AF
631,"(1,2) + (3b,1) + (3b,2) + (6,1) + (6b,1)",69,F1_SU3_AF
632,"(1,2) + (3b,1) + (3b,2) + (6b,1) + (6b,1)",69,F1_SU3_AF
633,"(1,2) + (3b,1) + (6,1) + (6,2)",69,F1_SU3_AF
634,"(1,2) + (3b,1) + (6,1) + (6b,2)",69,F1_SU3_AF
635,"(1,2) + (3b,1) + (6,2) + (6b,1)",69,F1_SU3_AF
636,"(1,2) + (3b,1) + (6b,1) + (6b,2)",69,F1_SU3_AF
637,"(3,1) + (3,2) + (6,1) + (8,1)",69,F1_SU3_AF
638,"(3,1) + (3,2) + (6b,1) + (8,1)",69,F1_SU3_AF
639,"(3,1) + (3b,2) + (6,1) + (8,1)",69,F1_SU3_AF
640,"(3,1) + (3b,2) + (6b,1) + (8,1)",69,F1_SU3_AF
641,"(3,1) + (6,2) + (8,1)",69,F1_SU3_AF
642,"(3,1) + (6b,2) + (8,1)",69,F1_SU3_AF
643,"(3,2) + (3b,1) + (6,1) + (8,1)",69,F1_SU3_AF
644,"(3,2) + (3b,1) + (6b,1) + (8,1)",69,F1_SU3_AF
645,"(3b,1) + (3b,2) + (6,1) + (8,1)",69,F1_SU3_AF
646,"(3b,1) + (3b,2) + (6b,1) + (8,1)",69,F1_SU3_AF
647,"(3b,1) + (6,2) + (8,1)",69,F1_SU3_AF
648,"(3b,1) + (6b,2) + (8,1)",69,F1_SU3_AF
649,"(1,1) + (1,1) + (1,2) + (3,1) + (3,1) + (3,2) + (8,1)",72,F4_SU3_cubic
650,"(1,1) + (1,1) + (1,2) + (3,1) + (3,1) + (3b,2) + (8,1)",72,F7_CPT_duplicate
651,"(1,1) + (1,1) + (1,2) + (3,1) + (3,2) + (3b,1) + (8,1)",72,F4_SU3_cubic
652,"(1,1) + (1,1) + (1,2) + (3,1) + (3b,1) + (3b,2) + (8,1)",72,F4_SU3_cubic
653,"(1,1) + (1,1) + (1,2) + (3,2) + (3b,1) + (3b,1) + (8,1)",72,SURVIVOR_NONMINIMAL
654,"(1,1) + (1,1) + (1,2) + (3,2) + (6,1) + (8,1)",72,F1_SU3_AF
655,"(1,1) + (1,1) + (1,2) + (3,2) + (6b,1) + (8,1)",72,F1_SU3_AF
656,"(1,1) + (1,1) + (1,2) + (3b,1) + (3b,1) + (3b,2) + (8,1)",72,F4_SU3_cubic
657,"(1,1) + (1,1) + (1,2) + (3b,2) + (6,1) + (8,1)",72,F1_SU3_AF
658,"(1,1) + (1,1) + (1,2) + (3b,2) + (6b,1) + (8,1)",72,F1_SU3_AF
659,"(1,1) + (1,1) + (1,2) + (6,2) + (8,1)",72,F1_SU3_AF
660,"(1,1) + (1,1) + (1,2) + (6b,2) + (8,1)",72,F1_SU3_AF
661,"(1,1) + (1,1) + (3,1) + (3,1) + (8,2)",72,F1_SU3_AF
662,"(1,1) + (1,1) + (3,1) + (3b,1) + (8,2)",72,F1_SU3_AF
663,"(1,1) + (1,1) + (3,2) + (8,1) + (8,1)",72,F1_SU3_AF
664,"(1,1) + (1,1) + (3b,1) + (3b,1) + (8,2)",72,F1_SU3_AF
665,"(1,1) + (1,1) + (3b,2) + (8,1) + (8,1)",72,F1_SU3_AF
666,"(1,1) + (1,1) + (6,1) + (8,2)",72,F1_SU3_AF
667,"(1,1) + (1,1) + (6b,1) + (8,2)",72,F1_SU3_AF
668,"(1,1) + (1,2) + (3,1) + (3,1) + (3,1) + (6,2)",72,F1_SU3_AF
669,"(1,1) + (1,2) + (3,1) + (3,1) + (3,1) + (6b,2)",72,F1_SU3_AF
670,"(1,1) + (1,2) + (3,1) + (3,1) + (3b,1) + (6,2)",72,F1_SU3_AF
671,"(1,1) + (1,2) + (3,1) + (3,1) + (3b,1) + (6b,2)",72,F1_SU3_AF
672,"(1,1) + (1,2) + (3,1) + (3,2) + (6,1) + (6,1)",72,F1_SU3_AF
673,"(1,1) + (1,2) + (3,1) + (3,2) + (6,1) + (6b,1)",72,F1_SU3_AF
674,"(1,1) + (1,2) + (3,1) + (3,2) + (6b,1) + (6b,1)",72,F1_SU3_AF
675,"(1,1) + (1,2) + (3,1) + (3b,1) + (3b,1) + (6,2)",72,F1_SU3_AF
676,"(1,1) + (1,2) + (3,1) + (3b,1) + (3b,1) + (6b,2)",72,F1_SU3_AF
677,"(1,1) + (1,2) + (3,1) + (3b,2) + (6,1) + (6,1)",72,F1_SU3_AF
678,"(1,1) + (1,2) + (3,1) + (3b,2) + (6,1) + (6b,1)",72,F1_SU3_AF
679,"(1,1) + (1,2) + (3,1) + (3b,2) + (6b,1) + (6b,1)",72,F1_SU3_AF
680,"(1,1) + (1,2) + (3,1) + (6,1) + (6,2)",72,F1_SU3_AF
681,"(1,1) + (1,2) + (3,1) + (6,1) + (6b,2)",72,F1_SU3_AF
682,"(1,1) + (1,2) + (3,1) + (6,2) + (6b,1)",72,F1_SU3_AF
683,"(1,1) + (1,2) + (3,1) + (6b,1) + (6b,2)",72,F1_SU3_AF
684,"(1,1) + (1,2) + (3,2) + (3b,1) + (6,1) + (6,1)",72,F1_SU3_AF
685,"(1,1) + (1,2) + (3,2) + (3b,1) + (6,1) + (6b,1)",72,F1_SU3_AF
686,"(1,1) + (1,2) + (3,2) + (3b,1) + (6b,1) + (6b,1)",72,F1_SU3_AF
687,"(1,1) + (1,2) + (3b,1) + (3b,1) + (3b,1) + (6,2)",72,F1_SU3_AF
688,"(1,1) + (1,2) + (3b,1) + (3b,1) + (3b,1) + (6b,2)",72,F1_SU3_AF
689,"(1,1) + (1,2) + (3b,1) + (3b,2) + (6,1) + (6,1)",72,F1_SU3_AF
690,"(1,1) + (1,2) + (3b,1) + (3b,2) + (6,1) + (6b,1)",72,F1_SU3_AF
691,"(1,1) + (1,2) + (3b,1) + (3b,2) + (6b,1) + (6b,1)",72,F1_SU3_AF
692,"(1,1) + (1,2) + (3b,1) + (6,1) + (6,2)",72,F1_SU3_AF
693,"(1,1) + (1,2) + (3b,1) + (6,1) + (6b,2)",72,F1_SU3_AF
694,"(1,1) + (1,2) + (3b,1) + (6,2) + (6b,1)",72,F1_SU3_AF
695,"(1,1) + (1,2) + (3b,1) + (6b,1) + (6b,2)",72,F1_SU3_AF
696,"(1,1) + (3,1) + (3,2) + (6,1) + (8,1)",72,F1_SU3_AF
697,"(1,1) + (3,1) + (3,2) + (6b,1) + (8,1)",72,F1_SU3_AF
698,"(1,1) + (3,1) + (3b,2) + (6,1) + (8,1)",72,F1_SU3_AF
699,"(1,1) + (3,1) + (3b,2) + (6b,1) + (8,1)",72,F1_SU3_AF
700,"(1,1) + (3,1) + (6,2) + (8,1)",72,F1_SU3_AF
701,"(1,1) + (3,1) + (6b,2) + (8,1)",72,F1_SU3_AF
702,"(1,1) + (3,2) + (3b,1) + (6,1) + (8,1)",72,F1_SU3_AF
703,"(1,1) + (3,2) + (3b,1) + (6b,1) + (8,1)",72,F1_SU3_AF
704,"(1,1) + (3b,1) + (3b,2) + (6,1) + (8,1)",72,F1_SU3_AF
705,"(1,1) + (3b,1) + (3b,2) + (6b,1) + (8,1)",72,F1_SU3_AF
706,"(1,1) + (3b,1) + (6,2) + (8,1)",72,F1_SU3_AF
707,"(1,1) + (3b,1) + (6b,2) + (8,1)",72,F1_SU3_AF
708,"(1,2) + (3,1) + (3,1) + (8,2)",72,F1_SU3_AF
709,"(1,2) + (3,1) + (3b,1) + (8,2)",72,F1_SU3_AF
710,"(1,2) + (3,2) + (8,1) + (8,1)",72,F1_SU3_AF
711,"(1,2) + (3b,1) + (3b,1) + (8,2)",72,F1_SU3_AF
712,"(1,2) + (3b,2) + (8,1) + (8,1)",72,F1_SU3_AF
713,"(1,2) + (6,1) + (8,2)",72,F1_SU3_AF
714,"(1,2) + (6b,1) + (8,2)",72,F1_SU3_AF
715,"(3,1) + (3,1) + (6,1) + (6,2)",72,F1_SU3_AF
716,"(3,1) + (3,1) + (6,1) + (6b,2)",72,F1_SU3_AF
717,"(3,1) + (3,1) + (6,2) + (6b,1)",72,F1_SU3_AF
718,"(3,1) + (3,1) + (6b,1) + (6b,2)",72,F1_SU3_AF
719,"(3,1) + (3b,1) + (6,1) + (6,2)",72,F1_SU3_AF
720,"(3,1) + (3b,1) + (6,1) + (6b,2)",72,F1_SU3_AF
721,"(3,1) + (3b,1) + (6,2) + (6b,1)",72,F1_SU3_AF
722,"(3,1) + (3b,1) + (6b,1) + (6b,2)",72,F1_SU3_AF
723,"(3,2) + (6,1) + (6,1) + (6,1)",72,F1_SU3_AF
724,"(3,2) + (6,1) + (6,1) + (6b,1)",72,F1_SU3_AF
725,"(3,2) + (6,1) + (6b,1) + (6b,1)",72,F1_SU3_AF
726,"(3,2) + (6b,1) + (6b,1) + (6b,1)",72,F1_SU3_AF
727,"(3b,1) + (3b,1) + (6,1) + (6,2)",72,F1_SU3_AF
728,"(3b,1) + (3b,1) + (6,1) + (6b,2)",72,F1_SU3_AF
729,"(3b,1) + (3b,1) + (6,2) + (6b,1)",72,F1_SU3_AF
730,"(3b,1) + (3b,1) + (6b,1) + (6b,2)",72,F1_SU3_AF
731,"(3b,2) + (6,1) + (6,1) + (6,1)",72,F1_SU3_AF
732,"(3b,2) + (6,1) + (6,1) + (6b,1)",72,F1_SU3_AF
733,"(3b,2) + (6,1) + (6b,1) + (6b,1)",72,F1_SU3_AF
734,"(3b,2) + (6b,1) + (6b,1) + (6b,1)",72,F1_SU3_AF
735,"(6,1) + (6,1) + (6,2)",72,F1_SU3_AF
736,"(6,1) + (6,1) + (6b,2)",72,F1_SU3_AF
737,"(6,1) + (6,2) + (6b,1)",72,F1_SU3_AF
738,"(6,1) + (6b,1) + (6b,2)",72,F1_SU3_AF
739,"(6,2) + (6b,1) + (6b,1)",72,F1_SU3_AF
740,"(6b,1) + (6b,1) + (6b,2)",72,F1_SU3_AF
741,"(8,1) + (8,2)",72,F1_SU3_AF
742,"(1,1) + (1,1) + (1,2) + (3,1) + (3,1) + (3,1) + (6,2)",75,F1_SU3_AF
743,"(1,1) + (1,1) + (1,2) + (3,1) + (3,1) + (3,1) + (6b,2)",75,F1_SU3_AF
744,"(1,1) + (1,1) + (1,2) + (3,1) + (3,1) + (3b,1) + (6,2)",75,F1_SU3_AF
745,"(1,1) + (1,1) + (1,2) + (3,1) + (3,1) + (3b,1) + (6b,2)",75,F1_SU3_AF
746,"(1,1) + (1,1) + (1,2) + (3,1) + (3,2) + (6,1) + (6,1)",75,F1_SU3_AF
747,"(1,1) + (1,1) + (1,2) + (3,1) + (3,2) + (6,1) + (6b,1)",75,F1_SU3_AF
748,"(1,1) + (1,1) + (1,2) + (3,1) + (3,2) + (6b,1) + (6b,1)",75,F1_SU3_AF
749,"(1,1) + (1,1) + (1,2) + (3,1) + (3b,1) + (3b,1) + (6,2)",75,F1_SU3_AF
750,"(1,1) + (1,1) + (1,2) + (3,1) + (3b,1) + (3b,1) + (6b,2)",75,F1_SU3_AF
751,"(1,1) + (1,1) + (1,2) + (3,1) + (3b,2) + (6,1) + (6,1)",75,F1_SU3_AF
752,"(1,1) + (1,1) + (1,2) + (3,1) + (3b,2) + (6,1) + (6b,1)",75,F1_SU3_AF
753,"(1,1) + (1,1) + (1,2) + (3,1) + (3b,2) + (6b,1) + (6b,1)",75,F1_SU3_AF
754,"(1,1) + (1,1) + (1,2) + (3,1) + (6,1) + (6,2)",75,F1_SU3_AF
755,"(1,1) + (1,1) + (1,2) + (3,1) + (6,1) + (6b,2)",75,F1_SU3_AF
756,"(1,1) + (1,1) + (1,2) + (3,1) + (6,2) + (6b,1)",75,F1_SU3_AF
757,"(1,1) + (1,1) + (1,2) + (3,1) + (6b,1) + (6b,2)",75,F1_SU3_AF
758,"(1,1) + (1,1) + (1,2) + (3,2) + (3b,1) + (6,1) + (6,1)",75,F1_SU3_AF
759,"(1,1) + (1,1) + (1,2) + (3,2) + (3b,1) + (6,1) + (6b,1)",75,F1_SU3_AF
760,"(1,1) + (1,1) + (1,2) + (3,2) + (3b,1) + (6b,1) + (6b,1)",75,F1_SU3_AF
761,"(1,1) + (1,1) + (1,2) + (3b,1) + (3b,1) + (3b,1) + (6,2)",75,F1_SU3_AF
762,"(1,1) + (1,1) + (1,2) + (3b,1) + (3b,1) + (3b,1) + (6b,2)",75,F1_SU3_AF
763,"(1,1) + (1,1) + (1,2) + (3b,1) + (3b,2) + (6,1) + (6,1)",75,F1_SU3_AF
764,"(1,1) + (1,1) + (1,2) + (3b,1) + (3b,2) + (6,1) + (6b,1)",75,F1_SU3_AF
765,"(1,1) + (1,1) + (1,2) + (3b,1) + (3b,2) + (6b,1) + (6b,1)",75,F1_SU3_AF
766,"(1,1) + (1,1) + (1,2) + (3b,1) + (6,1) + (6,2)",75,F1_SU3_AF
767,"(1,1) + (1,1) + (1,2) + (3b,1) + (6,1) + (6b,2)",75,F1_SU3_AF
768,"(1,1) + (1,1) + (1,2) + (3b,1) + (6,2) + (6b,1)",75,F1_SU3_AF
769,"(1,1) + (1,1) + (1,2) + (3b,1) + (6b,1) + (6b,2)",75,F1_SU3_AF
770,"(1,1) + (1,1) + (3,1) + (3,2) + (6,1) + (8,1)",75,F1_SU3_AF
771,"(1,1) + (1,1) + (3,1) + (3,2) + (6b,1) + (8,1)",75,F1_SU3_AF
772,"(1,1) + (1,1) + (3,1) + (3b,2) + (6,1) + (8,1)",75,F1_SU3_AF
773,"(1,1) + (1,1) + (3,1) + (3b,2) + (6b,1) + (8,1)",75,F1_SU3_AF
774,"(1,1) + (1,1) + (3,1) + (6,2) + (8,1)",75,F1_SU3_AF
775,"(1,1) + (1,1) + (3,1) + (6b,2) + (8,1)",75,F1_SU3_AF
776,"(1,1) + (1,1) + (3,2) + (3b,1) + (6,1) + (8,1)",75,F1_SU3_AF
777,"(1,1) + (1,1) + (3,2) + (3b,1) + (6b,1) + (8,1)",75,F1_SU3_AF
778,"(1,1) + (1,1) + (3b,1) + (3b,2) + (6,1) + (8,1)",75,F1_SU3_AF
779,"(1,1) + (1,1) + (3b,1) + (3b,2) + (6b,1) + (8,1)",75,F1_SU3_AF
780,"(1,1) + (1,1) + (3b,1) + (6,2) + (8,1)",75,F1_SU3_AF
781,"(1,1) + (1,1) + (3b,1) + (6b,2) + (8,1)",75,F1_SU3_AF
782,"(1,1) + (1,2) + (3,1) + (3,1) + (8,2)",75,F1_SU3_AF
783,"(1,1) + (1,2) + (3,1) + (3b,1) + (8,2)",75,F1_SU3_AF
784,"(1,1) + (1,2) + (3,2) + (8,1) + (8,1)",75,F1_SU3_AF
785,"(1,1) + (1,2) + (3b,1) + (3b,1) + (8,2)",75,F1_SU3_AF
786,"(1,1) + (1,2) + (3b,2) + (8,1) + (8,1)",75,F1_SU3_AF
787,"(1,1) + (1,2) + (6,1) + (8,2)",75,F1_SU3_AF
788,"(1,1) + (1,2) + (6b,1) + (8,2)",75,F1_SU3_AF
789,"(1,1) + (3,1) + (3,1) + (6,1) + (6,2)",75,F1_SU3_AF
790,"(1,1) + (3,1) + (3,1) + (6,1) + (6b,2)",75,F1_SU3_AF
791,"(1,1) + (3,1) + (3,1) + (6,2) + (6b,1)",75,F1_SU3_AF
792,"(1,1) + (3,1) + (3,1) + (6b,1) + (6b,2)",75,F1_SU3_AF
793,"(1,1) + (3,1) + (3b,1) + (6,1) + (6,2)",75,F1_SU3_AF
794,"(1,1) + (3,1) + (3b,1) + (6,1) + (6b,2)",75,F1_SU3_AF
795,"(1,1) + (3,1) + (3b,1) + (6,2) + (6b,1)",75,F1_SU3_AF
796,"(1,1) + (3,1) + (3b,1) + (6b,1) + (6b,2)",75,F1_SU3_AF
797,"(1,1) + (3,2) + (6,1) + (6,1) + (6,1)",75,F1_SU3_AF
798,"(1,1) + (3,2) + (6,1) + (6,1) + (6b,1)",75,F1_SU3_AF
799,"(1,1) + (3,2) + (6,1) + (6b,1) + (6b,1)",75,F1_SU3_AF
800,"(1,1) + (3,2) + (6b,1) + (6b,1) + (6b,1)",75,F1_SU3_AF
801,"(1,1) + (3b,1) + (3b,1) + (6,1) + (6,2)",75,F1_SU3_AF
802,"(1,1) + (3b,1) + (3b,1) + (6,1) + (6b,2)",75,F1_SU3_AF
803,"(1,1) + (3b,1) + (3b,1) + (6,2) + (6b,1)",75,F1_SU3_AF
804,"(1,1) + (3b,1) + (3b,1) + (6b,1) + (6b,2)",75,F1_SU3_AF
805,"(1,1) + (3b,2) + (6,1) + (6,1) + (6,1)",75,F1_SU3_AF
806,"(1,1) + (3b,2) + (6,1) + (6,1) + (6b,1)",75,F1_SU3_AF
807,"(1,1) + (3b,2) + (6,1) + (6b,1) + (6b,1)",75,F1_SU3_AF
808,"(1,1) + (3b,2) + (6b,1) + (6b,1) + (6b,1)",75,F1_SU3_AF
809,"(1,1) + (6,1) + (6,1) + (6,2)",75,F1_SU3_AF
810,"(1,1) + (6,1) + (6,1) + (6b,2)",75,F1_SU3_AF
811,"(1,1) + (6,1) + (6,2) + (6b,1)",75,F1_SU3_AF
812,"(1,1) + (6,1) + (6b,1) + (6b,2)",75,F1_SU3_AF
813,"(1,1) + (6,2) + (6b,1) + (6b,1)",75,F1_SU3_AF
814,"(1,1) + (6b,1) + (6b,1) + (6b,2)",75,F1_SU3_AF
815,"(1,1) + (8,1) + (8,2)",75,F1_SU3_AF
816,"(1,2) + (3,1) + (3,2) + (6,1) + (8,1)",75,F1_SU3_AF
817,"(1,2) + (3,1) + (3,2) + (6b,1) + (8,1)",75,F1_SU3_AF
818,"(1,2) + (3,1) + (3b,2) + (6,1) + (8,1)",75,F1_SU3_AF
819,"(1,2) + (3,1) + (3b,2) + (6b,1) + (8,1)",75,F1_SU3_AF
820,"(1,2) + (3,1) + (6,2) + (8,1)",75,F1_SU3_AF
821,"(1,2) + (3,1) + (6b,2) + (8,1)",75,F1_SU3_AF
822,"(1,2) + (3,2) + (3b,1) + (6,1) + (8,1)",75,F1_SU3_AF
823,"(1,2) + (3,2) + (3b,1) + (6b,1) + (8,1)",75,F1_SU3_AF
824,"(1,2) + (3b,1) + (3b,2) + (6,1) + (8,1)",75,F1_SU3_AF
825,"(1,2) + (3b,1) + (3b,2) + (6b,1) + (8,1)",75,F1_SU3_AF
826,"(1,2) + (3b,1) + (6,2) + (8,1)",75,F1_SU3_AF
827,"(1,2) + (3b,1) + (6b,2) + (8,1)",75,F1_SU3_AF
828,"(3,1) + (3,1) + (3,1) + (8,2)",75,F1_SU3_AF
829,"(3,1) + (3,1) + (3b,1) + (8,2)",75,F1_SU3_AF
830,"(3,1) + (3,2) + (8,1) + (8,1)",75,F1_SU3_AF
831,"(3,1) + (3b,1) + (3b,1) + (8,2)",75,F1_SU3_AF
832,"(3,1) + (3b,2) + (8,1) + (8,1)",75,F1_SU3_AF
833,"(3,1) + (6,1) + (8,2)",75,F1_SU3_AF
834,"(3,1) + (6b,1) + (8,2)",75,F1_SU3_AF
835,"(3,2) + (3b,1) + (8,1) + (8,1)",75,F1_SU3_AF
836,"(3b,1) + (3b,1) + (3b,1) + (8,2)",75,F1_SU3_AF
837,"(3b,1) + (3b,2) + (8,1) + (8,1)",75,F1_SU3_AF
838,"(3b,1) + (6,1) + (8,2)",75,F1_SU3_AF
839,"(3b,1) + (6b,1) + (8,2)",75,F1_SU3_AF
840,"(1,1) + (1,1) + (1,2) + (3,1) + (3,1) + (8,2)",78,F1_SU3_AF
841,"(1,1) + (1,1) + (1,2) + (3,1) + (3b,1) + (8,2)",78,F1_SU3_AF
842,"(1,1) + (1,1) + (1,2) + (3,2) + (8,1) + (8,1)",78,F1_SU3_AF
843,"(1,1) + (1,1) + (1,2) + (3b,1) + (3b,1) + (8,2)",78,F1_SU3_AF
844,"(1,1) + (1,1) + (1,2) + (3b,2) + (8,1) + (8,1)",78,F1_SU3_AF
845,"(1,1) + (1,1) + (1,2) + (6,1) + (8,2)",78,F1_SU3_AF
846,"(1,1) + (1,1) + (1,2) + (6b,1) + (8,2)",78,F1_SU3_AF
847,"(1,1) + (1,1) + (3,1) + (3,1) + (6,1) + (6,2)",78,F1_SU3_AF
848,"(1,1) + (1,1) + (3,1) + (3,1) + (6,1) + (6b,2)",78,F1_SU3_AF
849,"(1,1) + (1,1) + (3,1) + (3,1) + (6,2) + (6b,1)",78,F1_SU3_AF
850,"(1,1) + (1,1) + (3,1) + (3,1) + (6b,1) + (6b,2)",78,F1_SU3_AF
851,"(1,1) + (1,1) + (3,1) + (3b,1) + (6,1) + (6,2)",78,F1_SU3_AF
852,"(1,1) + (1,1) + (3,1) + (3b,1) + (6,1) + (6b,2)",78,F1_SU3_AF
853,"(1,1) + (1,1) + (3,1) + (3b,1) + (6,2) + (6b,1)",78,F1_SU3_AF
854,"(1,1) + (1,1) + (3,1) + (3b,1) + (6b,1) + (6b,2)",78,F1_SU3_AF
855,"(1,1) + (1,1) + (3,2) + (6,1) + (6,1) + (6,1)",78,F1_SU3_AF
856,"(1,1) + (1,1) + (3,2) + (6,1) + (6,1) + (6b,1)",78,F1_SU3_AF
857,"(1,1) + (1,1) + (3,2) + (6,1) + (6b,1) + (6b,1)",78,F1_SU3_AF
858,"(1,1) + (1,1) + (3,2) + (6b,1) + (6b,1) + (6b,1)",78,F1_SU3_AF
859,"(1,1) + (1,1) + (3b,1) + (3b,1) + (6,1) + (6,2)",78,F1_SU3_AF
860,"(1,1) + (1,1) + (3b,1) + (3b,1) + (6,1) + (6b,2)",78,F1_SU3_AF
861,"(1,1) + (1,1) + (3b,1) + (3b,1) + (6,2) + (6b,1)",78,F1_SU3_AF
862,"(1,1) + (1,1) + (3b,1) + (3b,1) + (6b,1) + (6b,2)",78,F1_SU3_AF
863,"(1,1) + (1,1) + (3b,2) + (6,1) + (6,1) + (6,1)",78,F1_SU3_AF
864,"(1,1) + (1,1) + (3b,2) + (6,1) + (6,1) + (6b,1)",78,F1_SU3_AF
865,"(1,1) + (1,1) + (3b,2) + (6,1) + (6b,1) + (6b,1)",78,F1_SU3_AF
866,"(1,1) + (1,1) + (3b,2) + (6b,1) + (6b,1) + (6b,1)",78,F1_SU3_AF
867,"(1,1) + (1,1) + (6,1) + (6,1) + (6,2)",78,F1_SU3_AF
868,"(1,1) + (1,1) + (6,1) + (6,1) + (6b,2)",78,F1_SU3_AF
869,"(1,1) + (1,1) + (6,1) + (6,2) + (6b,1)",78,F1_SU3_AF
870,"(1,1) + (1,1) + (6,1) + (6b,1) + (6b,2)",78,F1_SU3_AF
871,"(1,1) + (1,1) + (6,2) + (6b,1) + (6b,1)",78,F1_SU3_AF
872,"(1,1) + (1,1) + (6b,1) + (6b,1) + (6b,2)",78,F1_SU3_AF
873,"(1,1) + (1,1) + (8,1) + (8,2)",78,F1_SU3_AF
874,"(1,1) + (1,2) + (3,1) + (3,2) + (6,1) + (8,1)",78,F1_SU3_AF
875,"(1,1) + (1,2) + (3,1) + (3,2) + (6b,1) + (8,1)",78,F1_SU3_AF
876,"(1,1) + (1,2) + (3,1) + (3b,2) + (6,1) + (8,1)",78,F1_SU3_AF
877,"(1,1) + (1,2) + (3,1) + (3b,2) + (6b,1) + (8,1)",78,F1_SU3_AF
878,"(1,1) + (1,2) + (3,1) + (6,2) + (8,1)",78,F1_SU3_AF
879,"(1,1) + (1,2) + (3,1) + (6b,2) + (8,1)",78,F1_SU3_AF
880,"(1,1) + (1,2) + (3,2) + (3b,1) + (6,1) + (8,1)",78,F1_SU3_AF
881,"(1,1) + (1,2) + (3,2) + (3b,1) + (6b,1) + (8,1)",78,F1_SU3_AF
882,"(1,1) + (1,2) + (3b,1) + (3b,2) + (6,1) + (8,1)",78,F1_SU3_AF
883,"(1,1) + (1,2) + (3b,1) + (3b,2) + (6b,1) + (8,1)",78,F1_SU3_AF
884,"(1,1) + (1,2) + (3b,1) + (6,2) + (8,1)",78,F1_SU3_AF
885,"(1,1) + (1,2) + (3b,1) + (6b,2) + (8,1)",78,F1_SU3_AF
886,"(1,1) + (3,1) + (3,1) + (3,1) + (8,2)",78,F1_SU3_AF
887,"(1,1) + (3,1) + (3,1) + (3b,1) + (8,2)",78,F1_SU3_AF
888,"(1,1) + (3,1) + (3,2) + (8,1) + (8,1)",78,F1_SU3_AF
889,"(1,1) + (3,1) + (3b,1) + (3b,1) + (8,2)",78,F1_SU3_AF
890,"(1,1) + (3,1) + (3b,2) + (8,1) + (8,1)",78,F1_SU3_AF
891,"(1,1) + (3,1) + (6,1) + (8,2)",78,F1_SU3_AF
892,"(1,1) + (3,1) + (6b,1) + (8,2)",78,F1_SU3_AF
893,"(1,1) + (3,2) + (3b,1) + (8,1) + (8,1)",78,F1_SU3_AF
894,"(1,1) + (3b,1) + (3b,1) + (3b,1) + (8,2)",78,F1_SU3_AF
895,"(1,1) + (3b,1) + (3b,2) + (8,1) + (8,1)",78,F1_SU3_AF
896,"(1,1) + (3b,1) + (6,1) + (8,2)",78,F1_SU3_AF
897,"(1,1) + (3b,1) + (6b,1) + (8,2)",78,F1_SU3_AF
898,"(1,2) + (3,1) + (3,1) + (6,1) + (6,2)",78,F1_SU3_AF
899,"(1,2) + (3,1) + (3,1) + (6,1) + (6b,2)",78,F1_SU3_AF
900,"(1,2) + (3,1) + (3,1) + (6,2) + (6b,1)",78,F1_SU3_AF
901,"(1,2) + (3,1) + (3,1) + (6b,1) + (6b,2)",78,F1_SU3_AF
902,"(1,2) + (3,1) + (3b,1) + (6,1) + (6,2)",78,F1_SU3_AF
903,"(1,2) + (3,1) + (3b,1) + (6,1) + (6b,2)",78,F1_SU3_AF
904,"(1,2) + (3,1) + (3b,1) + (6,2) + (6b,1)",78,F1_SU3_AF
905,"(1,2) + (3,1) + (3b,1) + (6b,1) + (6b,2)",78,F1_SU3_AF
906,"(1,2) + (3,2) + (6,1) + (6,1) + (6,1)",78,F1_SU3_AF
907,"(1,2) + (3,2) + (6,1) + (6,1) + (6b,1)",78,F1_SU3_AF
908,"(1,2) + (3,2) + (6,1) + (6b,1) + (6b,1)",78,F1_SU3_AF
909,"(1,2) + (3,2) + (6b,1) + (6b,1) + (6b,1)",78,F1_SU3_AF
910,"(1,2) + (3b,1) + (3b,1) + (6,1) + (6,2)",78,F1_SU3_AF
911,"(1,2) + (3b,1) + (3b,1) + (6,1) + (6b,2)",78,F1_SU3_AF
912,"(1,2) + (3b,1) + (3b,1) + (6,2) + (6b,1)",78,F1_SU3_AF
913,"(1,2) + (3b,1) + (3b,1) + (6b,1) + (6b,2)",78,F1_SU3_AF
914,"(1,2) + (3b,2) + (6,1) + (6,1) + (6,1)",78,F1_SU3_AF
915,"(1,2) + (3b,2) + (6,1) + (6,1) + (6b,1)",78,F1_SU3_AF
916,"(1,2) + (3b,2) + (6,1) + (6b,1) + (6b,1)",78,F1_SU3_AF
917,"(1,2) + (3b,2) + (6b,1) + (6b,1) + (6b,1)",78,F1_SU3_AF
918,"(1,2) + (6,1) + (6,1) + (6,2)",78,F1_SU3_AF
919,"(1,2) + (6,1) + (6,1) + (6b,2)",78,F1_SU3_AF
920,"(1,2) + (6,1) + (6,2) + (6b,1)",78,F1_SU3_AF
921,"(1,2) + (6,1) + (6b,1) + (6b,2)",78,F1_SU3_AF
922,"(1,2) + (6,2) + (6b,1) + (6b,1)",78,F1_SU3_AF
923,"(1,2) + (6b,1) + (6b,1) + (6b,2)",78,F1_SU3_AF
924,"(1,2) + (8,1) + (8,2)",78,F1_SU3_AF
925,"(3,1) + (3,1) + (6,2) + (8,1)",78,F1_SU3_AF
926,"(3,1) + (3,1) + (6b,2) + (8,1)",78,F1_SU3_AF
927,"(3,1) + (3b,1) + (6,2) + (8,1)",78,F1_SU3_AF
928,"(3,1) + (3b,1) + (6b,2) + (8,1)",78,F1_SU3_AF
929,"(3,2) + (6,1) + (6,1) + (8,1)",78,F1_SU3_AF
930,"(3,2) + (6,1) + (6b,1) + (8,1)",78,F1_SU3_AF
931,"(3,2) + (6b,1) + (6b,1) + (8,1)",78,F1_SU3_AF
932,"(3b,1) + (3b,1) + (6,2) + (8,1)",78,F1_SU3_AF
933,"(3b,1) + (3b,1) + (6b,2) + (8,1)",78,F1_SU3_AF
934,"(3b,2) + (6,1) + (6,1) + (8,1)",78,F1_SU3_AF
935,"(3b,2) + (6,1) + (6b,1) + (8,1)",78,F1_SU3_AF
936,"(3b,2) + (6b,1) + (6b,1) + (8,1)",78,F1_SU3_AF
937,"(6,1) + (6,2) + (8,1)",78,F1_SU3_AF
938,"(6,1) + (6b,2) + (8,1)",78,F1_SU3_AF
939,"(6,2) + (6b,1) + (8,1)",78,F1_SU3_AF
940,"(6b,1) + (6b,2) + (8,1)",78,F1_SU3_AF
941,"(1,1) + (1,1) + (1,2) + (3,1) + (3,2) + (6,1) + (8,1)",81,F1_SU3_AF
942,"(1,1) + (1,1) + (1,2) + (3,1) + (3,2) + (6b,1) + (8,1)",81,F1_SU3_AF
943,"(1,1) + (1,1) + (1,2) + (3,1) + (3b,2) + (6,1) + (8,1)",81,F1_SU3_AF
944,"(1,1) + (1,1) + (1,2) + (3,1) + (3b,2) + (6b,1) + (8,1)",81,F1_SU3_AF
945,"(1,1) + (1,1) + (1,2) + (3,1) + (6,2) + (8,1)",81,F1_SU3_AF
946,"(1,1) + (1,1) + (1,2) + (3,1) + (6b,2) + (8,1)",81,F1_SU3_AF
947,"(1,1) + (1,1) + (1,2) + (3,2) + (3b,1) + (6,1) + (8,1)",81,F1_SU3_AF
948,"(1,1) + (1,1) + (1,2) + (3,2) + (3b,1) + (6b,1) + (8,1)",81,F1_SU3_AF
949,"(1,1) + (1,1) + (1,2) + (3b,1) + (3b,2) + (6,1) + (8,1)",81,F1_SU3_AF
950,"(1,1) + (1,1) + (1,2) + (3b,1) + (3b,2) + (6b,1) + (8,1)",81,F1_SU3_AF
951,"(1,1) + (1,1) + (1,2) + (3b,1) + (6,2) + (8,1)",81,F1_SU3_AF
952,"(1,1) + (1,1) + (1,2) + (3b,1) + (6b,2) + (8,1)",81,F1_SU3_AF
953,"(1,1) + (1,1) + (3,1) + (3,1) + (3,1) + (8,2)",81,F1_SU3_AF
954,"(1,1) + (1,1) + (3,1) + (3,1) + (3b,1) + (8,2)",81,F1_SU3_AF
955,"(1,1) + (1,1) + (3,1) + (3,2) + (8,1) + (8,1)",81,F1_SU3_AF
956,"(1,1) + (1,1) + (3,1) + (3b,1) + (3b,1) + (8,2)",81,F1_SU3_AF
957,"(1,1) + (1,1) + (3,1) + (3b,2) + (8,1) + (8,1)",81,F1_SU3_AF
958,"(1,1) + (1,1) + (3,1) + (6,1) + (8,2)",81,F1_SU3_AF
959,"(1,1) + (1,1) + (3,1) + (6b,1) + (8,2)",81,F1_SU3_AF
960,"(1,1) + (1,1) + (3,2) + (3b,1) + (8,1) + (8,1)",81,F1_SU3_AF
961,"(1,1) + (1,1) + (3b,1) + (3b,1) + (3b,1) + (8,2)",81,F1_SU3_AF
962,"(1,1) + (1,1) + (3b,1) + (3b,2) + (8,1) + (8,1)",81,F1_SU3_AF
963,"(1,1) + (1,1) + (3b,1) + (6,1) + (8,2)",81,F1_SU3_AF
964,"(1,1) + (1,1) + (3b,1) + (6b,1) + (8,2)",81,F1_SU3_AF
965,"(1,1) + (1,2) + (3,1) + (3,1) + (6,1) + (6,2)",81,F1_SU3_AF
966,"(1,1) + (1,2) + (3,1) + (3,1) + (6,1) + (6b,2)",81,F1_SU3_AF
967,"(1,1) + (1,2) + (3,1) + (3,1) + (6,2) + (6b,1)",81,F1_SU3_AF
968,"(1,1) + (1,2) + (3,1) + (3,1) + (6b,1) + (6b,2)",81,F1_SU3_AF
969,"(1,1) + (1,2) + (3,1) + (3b,1) + (6,1) + (6,2)",81,F1_SU3_AF
970,"(1,1) + (1,2) + (3,1) + (3b,1) + (6,1) + (6b,2)",81,F1_SU3_AF
971,"(1,1) + (1,2) + (3,1) + (3b,1) + (6,2) + (6b,1)",81,F1_SU3_AF
972,"(1,1) + (1,2) + (3,1) + (3b,1) + (6b,1) + (6b,2)",81,F1_SU3_AF
973,"(1,1) + (1,2) + (3,2) + (6,1) + (6,1) + (6,1)",81,F1_SU3_AF
974,"(1,1) + (1,2) + (3,2) + (6,1) + (6,1) + (6b,1)",81,F1_SU3_AF
975,"(1,1) + (1,2) + (3,2) + (6,1) + (6b,1) + (6b,1)",81,F1_SU3_AF
976,"(1,1) + (1,2) + (3,2) + (6b,1) + (6b,1) + (6b,1)",81,F1_SU3_AF
977,"(1,1) + (1,2) + (3b,1) + (3b,1) + (6,1) + (6,2)",81,F1_SU3_AF
978,"(1,1) + (1,2) + (3b,1) + (3b,1) + (6,1) + (6b,2)",81,F1_SU3_AF
979,"(1,1) + (1,2) + (3b,1) + (3b,1) + (6,2) + (6b,1)",81,F1_SU3_AF
980,"(1,1) + (1,2) + (3b,1) + (3b,1) + (6b,1) + (6b,2)",81,F1_SU3_AF
981,"(1,1) + (1,2) + (3b,2) + (6,1) + (6,1) + (6,1)",81,F1_SU3_AF
982,"(1,1) + (1,2) + (3b,2) + (6,1) + (6,1) + (6b,1)",81,F1_SU3_AF
983,"(1,1) + (1,2) + (3b,2) + (6,1) + (6b,1) + (6b,1)",81,F1_SU3_AF
984,"(1,1) + (1,2) + (3b,2) + (6b,1) + (6b,1) + (6b,1)",81,F1_SU3_AF
985,"(1,1) + (1,2) + (6,1) + (6,1) + (6,2)",81,F1_SU3_AF
986,"(1,1) + (1,2) + (6,1) + (6,1) + (6b,2)",81,F1_SU3_AF
987,"(1,1) + (1,2) + (6,1) + (6,2) + (6b,1)",81,F1_SU3_AF
988,"(1,1) + (1,2) + (6,1) + (6b,1) + (6b,2)",81,F1_SU3_AF
989,"(1,1) + (1,2) + (6,2) + (6b,1) + (6b,1)",81,F1_SU3_AF
990,"(1,1) + (1,2) + (6b,1) + (6b,1) + (6b,2)",81,F1_SU3_AF
991,"(1,1) + (1,2) + (8,1) + (8,2)",81,F1_SU3_AF
992,"(1,1) + (3,1) + (3,1) + (6,2) + (8,1)",81,F1_SU3_AF
993,"(1,1) + (3,1) + (3,1) + (6b,2) + (8,1)",81,F1_SU3_AF
994,"(1,1) + (3,1) + (3b,1) + (6,2) + (8,1)",81,F1_SU3_AF
995,"(1,1) + (3,1) + (3b,1) + (6b,2) + (8,1)",81,F1_SU3_AF
996,"(1,1) + (3,2) + (6,1) + (6,1) + (8,1)",81,F1_SU3_AF
997,"(1,1) + (3,2) + (6,1) + (6b,1) + (8,1)",81,F1_SU3_AF
998,"(1,1) + (3,2) + (6b,1) + (6b,1) + (8,1)",81,F1_SU3_AF
999,"(1,1) + (3b,1) + (3b,1) + (6,2) + (8,1)",81,F1_SU3_AF
1000,"(1,1) + (3b,1) + (3b,1) + (6b,2) + (8,1)",81,F1_SU3_AF
1001,"(1,1) + (3b,2) + (6,1) + (6,1) + (8,1)",81,F1_SU3_AF
1002,"(1,1) + (3b,2) + (6,1) + (6b,1) + (8,1)",81,F1_SU3_AF
1003,"(1,1) + (3b,2) + (6b,1) + (6b,1) + (8,1)",81,F1_SU3_AF
1004,"(1,1) + (6,1) + (6,2) + (8,1)",81,F1_SU3_AF
1005,"(1,1) + (6,1) + (6b,2) + (8,1)",81,F1_SU3_AF
1006,"(1,1) + (6,2) + (6b,1) + (8,1)",81,F1_SU3_AF
1007,"(1,1) + (6b,1) + (6b,2) + (8,1)",81,F1_SU3_AF
1008,"(1,2) + (3,1) + (3,1) + (3,1) + (8,2)",81,F1_SU3_AF
1009,"(1,2) + (3,1) + (3,1) + (3b,1) + (8,2)",81,F1_SU3_AF
1010,"(1,2) + (3,1) + (3,2) + (8,1) + (8,1)",81,F1_SU3_AF
1011,"(1,2) + (3,1) + (3b,1) + (3b,1) + (8,2)",81,F1_SU3_AF
1012,"(1,2) + (3,1) + (3b,2) + (8,1) + (8,1)",81,F1_SU3_AF
1013,"(1,2) + (3,1) + (6,1) + (8,2)",81,F1_SU3_AF
1014,"(1,2) + (3,1) + (6b,1) + (8,2)",81,F1_SU3_AF
1015,"(1,2) + (3,2) + (3b,1) + (8,1) + (8,1)",81,F1_SU3_AF
1016,"(1,2) + (3b,1) + (3b,1) + (3b,1) + (8,2)",81,F1_SU3_AF
1017,"(1,2) + (3b,1) + (3b,2) + (8,1) + (8,1)",81,F1_SU3_AF
1018,"(1,2) + (3b,1) + (6,1) + (8,2)",81,F1_SU3_AF
1019,"(1,2) + (3b,1) + (6b,1) + (8,2)",81,F1_SU3_AF
1020,"(3,1) + (6,1) + (6,1) + (6,2)",81,F1_SU3_AF
1021,"(3,1) + (6,1) + (6,1) + (6b,2)",81,F1_SU3_AF
1022,"(3,1) + (6,1) + (6,2) + (6b,1)",81,F1_SU3_AF
1023,"(3,1) + (6,1) + (6b,1) + (6b,2)",81,F1_SU3_AF
1024,"(3,1) + (6,2) + (6b,1) + (6b,1)",81,F1_SU3_AF
1025,"(3,1) + (6b,1) + (6b,1) + (6b,2)",81,F1_SU3_AF
1026,"(3,1) + (8,1) + (8,2)",81,F1_SU3_AF
1027,"(3b,1) + (6,1) + (6,1) + (6,2)",81,F1_SU3_AF
1028,"(3b,1) + (6,1) + (6,1) + (6b,2)",81,F1_SU3_AF
1029,"(3b,1) + (6,1) + (6,2) + (6b,1)",81,F1_SU3_AF
1030,"(3b,1) + (6,1) + (6b,1) + (6b,2)",81,F1_SU3_AF
1031,"(3b,1) + (6,2) + (6b,1) + (6b,1)",81,F1_SU3_AF
1032,"(3b,1) + (6b,1) + (6b,1) + (6b,2)",81,F1_SU3_AF
1033,"(3b,1) + (8,1) + (8,2)",81,F1_SU3_AF
1034,"(1,1) + (1,1) + (1,2) + (3,1) + (3,1) + (6,1) + (6,2)",84,F1_SU3_AF
1035,"(1,1) + (1,1) + (1,2) + (3,1) + (3,1) + (6,1) + (6b,2)",84,F1_SU3_AF
1036,"(1,1) + (1,1) + (1,2) + (3,1) + (3,1) + (6,2) + (6b,1)",84,F1_SU3_AF
1037,"(1,1) + (1,1) + (1,2) + (3,1) + (3,1) + (6b,1) + (6b,2)",84,F1_SU3_AF
1038,"(1,1) + (1,1) + (1,2) + (3,1) + (3b,1) + (6,1) + (6,2)",84,F1_SU3_AF
1039,"(1,1) + (1,1) + (1,2) + (3,1) + (3b,1) + (6,1) + (6b,2)",84,F1_SU3_AF
1040,"(1,1) + (1,1) + (1,2) + (3,1) + (3b,1) + (6,2) + (6b,1)",84,F1_SU3_AF
1041,"(1,1) + (1,1) + (1,2) + (3,1) + (3b,1) + (6b,1) + (6b,2)",84,F1_SU3_AF
1042,"(1,1) + (1,1) + (1,2) + (3,2) + (6,1) + (6,1) + (6,1)",84,F1_SU3_AF
1043,"(1,1) + (1,1) + (1,2) + (3,2) + (6,1) + (6,1) + (6b,1)",84,F1_SU3_AF
1044,"(1,1) + (1,1) + (1,2) + (3,2) + (6,1) + (6b,1) + (6b,1)",84,F1_SU3_AF
1045,"(1,1) + (1,1) + (1,2) + (3,2) + (6b,1) + (6b,1) + (6b,1)",84,F1_SU3_AF
1046,"(1,1) + (1,1) + (1,2) + (3b,1) + (3b,1) + (6,1) + (6,2)",84,F1_SU3_AF
1047,"(1,1) + (1,1) + (1,2) + (3b,1) + (3b,1) + (6,1) + (6b,2)",84,F1_SU3_AF
1048,"(1,1) + (1,1) + (1,2) + (3b,1) + (3b,1) + (6,2) + (6b,1)",84,F1_SU3_AF
1049,"(1,1) + (1,1) + (1,2) + (3b,1) + (3b,1) + (6b,1) + (6b,2)",84,F1_SU3_AF
1050,"(1,1) + (1,1) + (1,2) + (3b,2) + (6,1) + (6,1) + (6,1)",84,F1_SU3_AF
1051,"(1,1) + (1,1) + (1,2) + (3b,2) + (6,1) + (6,1) + (6b,1)",84,F1_SU3_AF
1052,"(1,1) + (1,1) + (1,2) + (3b,2) + (6,1) + (6b,1) + (6b,1)",84,F1_SU3_AF
1053,"(1,1) + (1,1) + (1,2) + (3b,2) + (6b,1) + (6b,1) + (6b,1)",84,F1_SU3_AF
1054,"(1,1) + (1,1) + (1,2) + (6,1) + (6,1) + (6,2)",84,F1_SU3_AF
1055,"(1,1) + (1,1) + (1,2) + (6,1) + (6,1) + (6b,2)",84,F1_SU3_AF
1056,"(1,1) + (1,1) + (1,2) + (6,1) + (6,2) + (6b,1)",84,F1_SU3_AF
1057,"(1,1) + (1,1) + (1,2) + (6,1) + (6b,1) + (6b,2)",84,F1_SU3_AF
1058,"(1,1) + (1,1) + (1,2) + (6,2) + (6b,1) + (6b,1)",84,F1_SU3_AF
1059,"(1,1) + (1,1) + (1,2) + (6b,1) + (6b,1) + (6b,2)",84,F1_SU3_AF
1060,"(1,1) + (1,1) + (1,2) + (8,1) + (8,2)",84,F1_SU3_AF
1061,"(1,1) + (1,1) + (3,1) + (3,1) + (6,2) + (8,1)",84,F1_SU3_AF
1062,"(1,1) + (1,1) + (3,1) + (3,1) + (6b,2) + (8,1)",84,F1_SU3_AF
1063,"(1,1) + (1,1) + (3,1) + (3b,1) + (6,2) + (8,1)",84,F1_SU3_AF
1064,"(1,1) + (1,1) + (3,1) + (3b,1) + (6b,2) + (8,1)",84,F1_SU3_AF
1065,"(1,1) + (1,1) + (3,2) + (6,1) + (6,1) + (8,1)",84,F1_SU3_AF
1066,"(1,1) + (1,1) + (3,2) + (6,1) + (6b,1) + (8,1)",84,F1_SU3_AF
1067,"(1,1) + (1,1) + (3,2) + (6b,1) + (6b,1) + (8,1)",84,F1_SU3_AF
1068,"(1,1) + (1,1) + (3b,1) + (3b,1) + (6,2) + (8,1)",84,F1_SU3_AF
1069,"(1,1) + (1,1) + (3b,1) + (3b,1) + (6b,2) + (8,1)",84,F1_SU3_AF
1070,"(1,1) + (1,1) + (3b,2) + (6,1) + (6,1) + (8,1)",84,F1_SU3_AF
1071,"(1,1) + (1,1) + (3b,2) + (6,1) + (6b,1) + (8,1)",84,F1_SU3_AF
1072,"(1,1) + (1,1) + (3b,2) + (6b,1) + (6b,1) + (8,1)",84,F1_SU3_AF
1073,"(1,1) + (1,1) + (6,1) + (6,2) + (8,1)",84,F1_SU3_AF
1074,"(1,1) + (1,1) + (6,1) + (6b,2) + (8,1)",84,F1_SU3_AF
1075,"(1,1) + (1,1) + (6,2) + (6b,1) + (8,1)",84,F1_SU3_AF
1076,"(1,1) + (1,1) + (6b,1) + (6b,2) + (8,1)",84,F1_SU3_AF
1077,"(1,1) + (1,2) + (3,1) + (3,1) + (3,1) + (8,2)",84,F1_SU3_AF
1078,"(1,1) + (1,2) + (3,1) + (3,1) + (3b,1) + (8,2)",84,F1_SU3_AF
1079,"(1,1) + (1,2) + (3,1) + (3,2) + (8,1) + (8,1)",84,F1_SU3_AF
1080,"(1,1) + (1,2) + (3,1) + (3b,1) + (3b,1) + (8,2)",84,F1_SU3_AF
1081,"(1,1) + (1,2) + (3,1) + (3b,2) + (8,1) + (8,1)",84,F1_SU3_AF
1082,"(1,1) + (1,2) + (3,1) + (6,1) + (8,2)",84,F1_SU3_AF
1083,"(1,1) + (1,2) + (3,1) + (6b,1) + (8,2)",84,F1_SU3_AF
1084,"(1,1) + (1,2) + (3,2) + (3b,1) + (8,1) + (8,1)",84,F1_SU3_AF
1085,"(1,1) + (1,2) + (3b,1) + (3b,1) + (3b,1) + (8,2)",84,F1_SU3_AF
1086,"(1,1) + (1,2) + (3b,1) + (3b,2) + (8,1) + (8,1)",84,F1_SU3_AF
1087,"(1,1) + (1,2) + (3b,1) + (6,1) + (8,2)",84,F1_SU3_AF
1088,"(1,1) + (1,2) + (3b,1) + (6b,1) + (8,2)",84,F1_SU3_AF
1089,"(1,1) + (3,1) + (6,1) + (6,1) + (6,2)",84,F1_SU3_AF
1090,"(1,1) + (3,1) + (6,1) + (6,1) + (6b,2)",84,F1_SU3_AF
1091,"(1,1) + (3,1) + (6,1) + (6,2) + (6b,1)",84,F1_SU3_AF
1092,"(1,1) + (3,1) + (6,1) + (6b,1) + (6b,2)",84,F1_SU3_AF
1093,"(1,1) + (3,1) + (6,2) + (6b,1) + (6b,1)",84,F1_SU3_AF
1094,"(1,1) + (3,1) + (6b,1) + (6b,1) + (6b,2)",84,F1_SU3_AF
1095,"(1,1) + (3,1) + (8,1) + (8,2)",84,F1_SU3_AF
1096,"(1,1) + (3b,1) + (6,1) + (6,1) + (6,2)",84,F1_SU3_AF
1097,"(1,1) + (3b,1) + (6,1) + (6,1) + (6b,2)",84,F1_SU3_AF
1098,"(1,1) + (3b,1) + (6,1) + (6,2) + (6b,1)",84,F1_SU3_AF
1099,"(1,1) + (3b,1) + (6,1) + (6b,1) + (6b,2)",84,F1_SU3_AF
1100,"(1,1) + (3b,1) + (6,2) + (6b,1) + (6b,1)",84,F1_SU3_AF
1101,"(1,1) + (3b,1) + (6b,1) + (6b,1) + (6b,2)",84,F1_SU3_AF
1102,"(1,1) + (3b,1) + (8,1) + (8,2)",84,F1_SU3_AF
1103,"(1,2) + (3,1) + (3,1) + (6,2) + (8,1)",84,F1_SU3_AF
1104,"(1,2) + (3,1) + (3,1) + (6b,2) + (8,1)",84,F1_SU3_AF
1105,"(1,2) + (3,1) + (3b,1) + (6,2) + (8,1)",84,F1_SU3_AF
1106,"(1,2) + (3,1) + (3b,1) + (6b,2) + (8,1)",84,F1_SU3_AF
1107,"(1,2) + (3,2) + (6,1) + (6,1) + (8,1)",84,F1_SU3_AF
1108,"(1,2) + (3,2) + (6,1) + (6b,1) + (8,1)",84,F1_SU3_AF
1109,"(1,2) + (3,2) + (6b,1) + (6b,1) + (8,1)",84,F1_SU3_AF
1110,"(1,2) + (3b,1) + (3b,1) + (6,2) + (8,1)",84,F1_SU3_AF
1111,"(1,2) + (3b,1) + (3b,1) + (6b,2) + (8,1)",84,F1_SU3_AF
1112,"(1,2) + (3b,2) + (6,1) + (6,1) + (8,1)",84,F1_SU3_AF
1113,"(1,2) + (3b,2) + (6,1) + (6b,1) + (8,1)",84,F1_SU3_AF
1114,"(1,2) + (3b,2) + (6b,1) + (6b,1) + (8,1)",84,F1_SU3_AF
1115,"(1,2) + (6,1) + (6,2) + (8,1)",84,F1_SU3_AF
1116,"(1,2) + (6,1) + (6b,2) + (8,1)",84,F1_SU3_AF
1117,"(1,2) + (6,2) + (6b,1) + (8,1)",84,F1_SU3_AF
1118,"(1,2) + (6b,1) + (6b,2) + (8,1)",84,F1_SU3_AF
1119,"(3,1) + (3,1) + (6,1) + (8,2)",84,F1_SU3_AF
1120,"(3,1) + (3,1) + (6b,1) + (8,2)",84,F1_SU3_AF
1121,"(3,1) + (3b,1) + (6,1) + (8,2)",84,F1_SU3_AF
1122,"(3,1) + (3b,1) + (6b,1) + (8,2)",84,F1_SU3_AF
1123,"(3,2) + (6,1) + (8,1) + (8,1)",84,F1_SU3_AF
1124,"(3,2) + (6b,1) + (8,1) + (8,1)",84,F1_SU3_AF
1125,"(3b,1) + (3b,1) + (6,1) + (8,2)",84,F1_SU3_AF
1126,"(3b,1) + (3b,1) + (6b,1) + (8,2)",84,F1_SU3_AF
1127,"(3b,2) + (6,1) + (8,1) + (8,1)",84,F1_SU3_AF
1128,"(3b,2) + (6b,1) + (8,1) + (8,1)",84,F1_SU3_AF
1129,"(6,1) + (6,1) + (8,2)",84,F1_SU3_AF
1130,"(6,1) + (6b,1) + (8,2)",84,F1_SU3_AF
1131,"(6,2) + (8,1) + (8,1)",84,F1_SU3_AF
1132,"(6b,1) + (6b,1) + (8,2)",84,F1_SU3_AF
1133,"(6b,2) + (8,1) + (8,1)",84,F1_SU3_AF
1134,"(1,1) + (1,1) + (1,2) + (3,1) + (3,1) + (3,1) + (8,2)",87,F1_SU3_AF
1135,"(1,1) + (1,1) + (1,2) + (3,1) + (3,1) + (3b,1) + (8,2)",87,F1_SU3_AF
1136,"(1,1) + (1,1) + (1,2) + (3,1) + (3,2) + (8,1) + (8,1)",87,F1_SU3_AF
1137,"(1,1) + (1,1) + (1,2) + (3,1) + (3b,1) + (3b,1) + (8,2)",87,F1_SU3_AF
1138,"(1,1) + (1,1) + (1,2) + (3,1) + (3b,2) + (8,1) + (8,1)",87,F1_SU3_AF
1139,"(1,1) + (1,1) + (1,2) + (3,1) + (6,1) + (8,2)",87,F1_SU3_AF
1140,"(1,1) + (1,1) + (1,2) + (3,1) + (6b,1) + (8,2)",87,F1_SU3_AF
1141,"(1,1) + (1,1) + (1,2) + (3,2) + (3b,1) + (8,1) + (8,1)",87,F1_SU3_AF
1142,"(1,1) + (1,1) + (1,2) + (3b,1) + (3b,1) + (3b,1) + (8,2)",87,F1_SU3_AF
1143,"(1,1) + (1,1) + (1,2) + (3b,1) + (3b,2) + (8,1) + (8,1)",87,F1_SU3_AF
1144,"(1,1) + (1,1) + (1,2) + (3b,1) + (6,1) + (8,2)",87,F1_SU3_AF
1145,"(1,1) + (1,1) + (1,2) + (3b,1) + (6b,1) + (8,2)",87,F1_SU3_AF
1146,"(1,1) + (1,1) + (3,1) + (6,1) + (6,1) + (6,2)",87,F1_SU3_AF
1147,"(1,1) + (1,1) + (3,1) + (6,1) + (6,1) + (6b,2)",87,F1_SU3_AF
1148,"(1,1) + (1,1) + (3,1) + (6,1) + (6,2) + (6b,1)",87,F1_SU3_AF
1149,"(1,1) + (1,1) + (3,1) + (6,1) + (6b,1) + (6b,2)",87,F1_SU3_AF
1150,"(1,1) + (1,1) + (3,1) + (6,2) + (6b,1) + (6b,1)",87,F1_SU3_AF
1151,"(1,1) + (1,1) + (3,1) + (6b,1) + (6b,1) + (6b,2)",87,F1_SU3_AF
1152,"(1,1) + (1,1) + (3,1) + (8,1) + (8,2)",87,F1_SU3_AF
1153,"(1,1) + (1,1) + (3b,1) + (6,1) + (6,1) + (6,2)",87,F1_SU3_AF
1154,"(1,1) + (1,1) + (3b,1) + (6,1) + (6,1) + (6b,2)",87,F1_SU3_AF
1155,"(1,1) + (1,1) + (3b,1) + (6,1) + (6,2) + (6b,1)",87,F1_SU3_AF
1156,"(1,1) + (1,1) + (3b,1) + (6,1) + (6b,1) + (6b,2)",87,F1_SU3_AF
1157,"(1,1) + (1,1) + (3b,1) + (6,2) + (6b,1) + (6b,1)",87,F1_SU3_AF
1158,"(1,1) + (1,1) + (3b,1) + (6b,1) + (6b,1) + (6b,2)",87,F1_SU3_AF
1159,"(1,1) + (1,1) + (3b,1) + (8,1) + (8,2)",87,F1_SU3_AF
1160,"(1,1) + (1,2) + (3,1) + (3,1) + (6,2) + (8,1)",87,F1_SU3_AF
1161,"(1,1) + (1,2) + (3,1) + (3,1) + (6b,2) + (8,1)",87,F1_SU3_AF
1162,"(1,1) + (1,2) + (3,1) + (3b,1) + (6,2) + (8,1)",87,F1_SU3_AF
1163,"(1,1) + (1,2) + (3,1) + (3b,1) + (6b,2) + (8,1)",87,F1_SU3_AF
1164,"(1,1) + (1,2) + (3,2) + (6,1) + (6,1) + (8,1)",87,F1_SU3_AF
1165,"(1,1) + (1,2) + (3,2) + (6,1) + (6b,1) + (8,1)",87,F1_SU3_AF
1166,"(1,1) + (1,2) + (3,2) + (6b,1) + (6b,1) + (8,1)",87,F1_SU3_AF
1167,"(1,1) + (1,2) + (3b,1) + (3b,1) + (6,2) + (8,1)",87,F1_SU3_AF
1168,"(1,1) + (1,2) + (3b,1) + (3b,1) + (6b,2) + (8,1)",87,F1_SU3_AF
1169,"(1,1) + (1,2) + (3b,2) + (6,1) + (6,1) + (8,1)",87,F1_SU3_AF
1170,"(1,1) + (1,2) + (3b,2) + (6,1) + (6b,1) + (8,1)",87,F1_SU3_AF
1171,"(1,1) + (1,2) + (3b,2) + (6b,1) + (6b,1) + (8,1)",87,F1_SU3_AF
1172,"(1,1) + (1,2) + (6,1) + (6,2) + (8,1)",87,F1_SU3_AF
1173,"(1,1) + (1,2) + (6,1) + (6b,2) + (8,1)",87,F1_SU3_AF
1174,"(1,1) + (1,2) + (6,2) + (6b,1) + (8,1)",87,F1_SU3_AF
1175,"(1,1) + (1,2) + (6b,1) + (6b,2) + (8,1)",87,F1_SU3_AF
1176,"(1,1) + (3,1) + (3,1) + (6,1) + (8,2)",87,F1_SU3_AF
1177,"(1,1) + (3,1) + (3,1) + (6b,1) + (8,2)",87,F1_SU3_AF
1178,"(1,1) + (3,1) + (3b,1) + (6,1) + (8,2)",87,F1_SU3_AF
1179,"(1,1) + (3,1) + (3b,1) + (6b,1) + (8,2)",87,F1_SU3_AF
1180,"(1,1) + (3,2) + (6,1) + (8,1) + (8,1)",87,F1_SU3_AF
1181,"(1,1) + (3,2) + (6b,1) + (8,1) + (8,1)",87,F1_SU3_AF
1182,"(1,1) + (3b,1) + (3b,1) + (6,1) + (8,2)",87,F1_SU3_AF
1183,"(1,1) + (3b,1) + (3b,1) + (6b,1) + (8,2)",87,F1_SU3_AF
1184,"(1,1) + (3b,2) + (6,1) + (8,1) + (8,1)",87,F1_SU3_AF
1185,"(1,1) + (3b,2) + (6b,1) + (8,1) + (8,1)",87,F1_SU3_AF
1186,"(1,1) + (6,1) + (6,1) + (8,2)",87,F1_SU3_AF
1187,"(1,1) + (6,1) + (6b,1) + (8,2)",87,F1_SU3_AF
1188,"(1,1) + (6,2) + (8,1) + (8,1)",87,F1_SU3_AF
1189,"(1,1) + (6b,1) + (6b,1) + (8,2)",87,F1_SU3_AF
1190,"(1,1) + (6b,2) + (8,1) + (8,1)",87,F1_SU3_AF
1191,"(1,2) + (3,1) + (6,1) + (6,1) + (6,2)",87,F1_SU3_AF
1192,"(1,2) + (3,1) + (6,1) + (6,1) + (6b,2)",87,F1_SU3_AF
1193,"(1,2) + (3,1) + (6,1) + (6,2) + (6b,1)",87,F1_SU3_AF
1194,"(1,2) + (3,1) + (6,1) + (6b,1) + (6b,2)",87,F1_SU3_AF
1195,"(1,2) + (3,1) + (6,2) + (6b,1) + (6b,1)",87,F1_SU3_AF
1196,"(1,2) + (3,1) + (6b,1) + (6b,1) + (6b,2)",87,F1_SU3_AF
1197,"(1,2) + (3,1) + (8,1) + (8,2)",87,F1_SU3_AF
1198,"(1,2) + (3b,1) + (6,1) + (6,1) + (6,2)",87,F1_SU3_AF
1199,"(1,2) + (3b,1) + (6,1) + (6,1) + (6b,2)",87,F1_SU3_AF
1200,"(1,2) + (3b,1) + (6,1) + (6,2) + (6b,1)",87,F1_SU3_AF
1201,"(1,2) + (3b,1) + (6,1) + (6b,1) + (6b,2)",87,F1_SU3_AF
1202,"(1,2) + (3b,1) + (6,2) + (6b,1) + (6b,1)",87,F1_SU3_AF
1203,"(1,2) + (3b,1) + (6b,1) + (6b,1) + (6b,2)",87,F1_SU3_AF
1204,"(1,2) + (3b,1) + (8,1) + (8,2)",87,F1_SU3_AF
1205,"(3,1) + (6,1) + (6,2) + (8,1)",87,F1_SU3_AF
1206,"(3,1) + (6,1) + (6b,2) + (8,1)",87,F1_SU3_AF
1207,"(3,1) + (6,2) + (6b,1) + (8,1)",87,F1_SU3_AF
1208,"(3,1) + (6b,1) + (6b,2) + (8,1)",87,F1_SU3_AF
1209,"(3b,1) + (6,1) + (6,2) + (8,1)",87,F1_SU3_AF
1210,"(3b,1) + (6,1) + (6b,2) + (8,1)",87,F1_SU3_AF
1211,"(3b,1) + (6,2) + (6b,1) + (8,1)",87,F1_SU3_AF
1212,"(3b,1) + (6b,1) + (6b,2) + (8,1)",87,F1_SU3_AF
1213,"(1,1) + (1,1) + (1,2) + (3,1) + (3,1) + (6,2) + (8,1)",90,F1_SU3_AF
1214,"(1,1) + (1,1) + (1,2) + (3,1) + (3,1) + (6b,2) + (8,1)",90,F1_SU3_AF
1215,"(1,1) + (1,1) + (1,2) + (3,1) + (3b,1) + (6,2) + (8,1)",90,F1_SU3_AF
1216,"(1,1) + (1,1) + (1,2) + (3,1) + (3b,1) + (6b,2) + (8,1)",90,F1_SU3_AF
1217,"(1,1) + (1,1) + (1,2) + (3,2) + (6,1) + (6,1) + (8,1)",90,F1_SU3_AF
1218,"(1,1) + (1,1) + (1,2) + (3,2) + (6,1) + (6b,1) + (8,1)",90,F1_SU3_AF
1219,"(1,1) + (1,1) + (1,2) + (3,2) + (6b,1) + (6b,1) + (8,1)",90,F1_SU3_AF
1220,"(1,1) + (1,1) + (1,2) + (3b,1) + (3b,1) + (6,2) + (8,1)",90,F1_SU3_AF
1221,"(1,1) + (1,1) + (1,2) + (3b,1) + (3b,1) + (6b,2) + (8,1)",90,F1_SU3_AF
1222,"(1,1) + (1,1) + (1,2) + (3b,2) + (6,1) + (6,1) + (8,1)",90,F1_SU3_AF
1223,"(1,1) + (1,1) + (1,2) + (3b,2) + (6,1) + (6b,1) + (8,1)",90,F1_SU3_AF
1224,"(1,1) + (1,1) + (1,2) + (3b,2) + (6b,1) + (6b,1) + (8,1)",90,F1_SU3_AF
1225,"(1,1) + (1,1) + (1,2) + (6,1) + (6,2) + (8,1)",90,F1_SU3_AF
1226,"(1,1) + (1,1) + (1,2) + (6,1) + (6b,2) + (8,1)",90,F1_SU3_AF
1227,"(1,1) + (1,1) + (1,2) + (6,2) + (6b,1) + (8,1)",90,F1_SU3_AF
1228,"(1,1) + (1,1) + (1,2) + (6b,1) + (6b,2) + (8,1)",90,F1_SU3_AF
1229,"(1,1) + (1,1) + (3,1) + (3,1) + (6,1) + (8,2)",90,F1_SU3_AF
1230,"(1,1) + (1,1) + (3,1) + (3,1) + (6b,1) + (8,2)",90,F1_SU3_AF
1231,"(1,1) + (1,1) + (3,1) + (3b,1) + (6,1) + (8,2)",90,F1_SU3_AF
1232,"(1,1) + (1,1) + (3,1) + (3b,1) + (6b,1) + (8,2)",90,F1_SU3_AF
1233,"(1,1) + (1,1) + (3,2) + (6,1) + (8,1) + (8,1)",90,F1_SU3_AF
1234,"(1,1) + (1,1) + (3,2) + (6b,1) + (8,1) + (8,1)",90,F1_SU3_AF
1235,"(1,1) + (1,1) + (3b,1) + (3b,1) + (6,1) + (8,2)",90,F1_SU3_AF
1236,"(1,1) + (1,1) + (3b,1) + (3b,1) + (6b,1) + (8,2)",90,F1_SU3_AF
1237,"(1,1) + (1,1) + (3b,2) + (6,1) + (8,1) + (8,1)",90,F1_SU3_AF
1238,"(1,1) + (1,1) + (3b,2) + (6b,1) + (8,1) + (8,1)",90,F1_SU3_AF
1239,"(1,1) + (1,1) + (6,1) + (6,1) + (8,2)",90,F1_SU3_AF
1240,"(1,1) + (1,1) + (6,1) + (6b,1) + (8,2)",90,F1_SU3_AF
1241,"(1,1) + (1,1) + (6,2) + (8,1) + (8,1)",90,F1_SU3_AF
1242,"(1,1) + (1,1) + (6b,1) + (6b,1) + (8,2)",90,F1_SU3_AF
1243,"(1,1) + (1,1) + (6b,2) + (8,1) + (8,1)",90,F1_SU3_AF
1244,"(1,1) + (1,2) + (3,1) + (6,1) + (6,1) + (6,2)",90,F1_SU3_AF
1245,"(1,1) + (1,2) + (3,1) + (6,1) + (6,1) + (6b,2)",90,F1_SU3_AF
1246,"(1,1) + (1,2) + (3,1) + (6,1) + (6,2) + (6b,1)",90,F1_SU3_AF
1247,"(1,1) + (1,2) + (3,1) + (6,1) + (6b,1) + (6b,2)",90,F1_SU3_AF
1248,"(1,1) + (1,2) + (3,1) + (6,2) + (6b,1) + (6b,1)",90,F1_SU3_AF
1249,"(1,1) + (1,2) + (3,1) + (6b,1) + (6b,1) + (6b,2)",90,F1_SU3_AF
1250,"(1,1) + (1,2) + (3,1) + (8,1) + (8,2)",90,F1_SU3_AF
1251,"(1,1) + (1,2) + (3b,1) + (6,1) + (6,1) + (6,2)",90,F1_SU3_AF
1252,"(1,1) + (1,2) + (3b,1) + (6,1) + (6,1) + (6b,2)",90,F1_SU3_AF
1253,"(1,1) + (1,2) + (3b,1) + (6,1) + (6,2) + (6b,1)",90,F1_SU3_AF
1254,"(1,1) + (1,2) + (3b,1) + (6,1) + (6b,1) + (6b,2)",90,F1_SU3_AF
1255,"(1,1) + (1,2) + (3b,1) + (6,2) + (6b,1) + (6b,1)",90,F1_SU3_AF
1256,"(1,1) + (1,2) + (3b,1) + (6b,1) + (6b,1) + (6b,2)",90,F1_SU3_AF
1257,"(1,1) + (1,2) + (3b,1) + (8,1) + (8,2)",90,F1_SU3_AF
1258,"(1,1) + (3,1) + (6,1) + (6,2) + (8,1)",90,F1_SU3_AF
1259,"(1,1) + (3,1) + (6,1) + (6b,2) + (8,1)",90,F1_SU3_AF
1260,"(1,1) + (3,1) + (6,2) + (6b,1) + (8,1)",90,F1_SU3_AF
1261,"(1,1) + (3,1) + (6b,1) + (6b,2) + (8,1)",90,F1_SU3_AF
1262,"(1,1) + (3b,1) + (6,1) + (6,2) + (8,1)",90,F1_SU3_AF
1263,"(1,1) + (3b,1) + (6,1) + (6b,2) + (8,1)",90,F1_SU3_AF
1264,"(1,1) + (3b,1) + (6,2) + (6b,1) + (8,1)",90,F1_SU3_AF
1265,"(1,1) + (3b,1) + (6b,1) + (6b,2) + (8,1)",90,F1_SU3_AF
1266,"(1,2) + (3,1) + (3,1) + (6,1) + (8,2)",90,F1_SU3_AF
1267,"(1,2) + (3,1) + (3,1) + (6b,1) + (8,2)",90,F1_SU3_AF
1268,"(1,2) + (3,1) + (3b,1) + (6,1) + (8,2)",90,F1_SU3_AF
1269,"(1,2) + (3,1) + (3b,1) + (6b,1) + (8,2)",90,F1_SU3_AF
1270,"(1,2) + (3,2) + (6,1) + (8,1) + (8,1)",90,F1_SU3_AF
1271,"(1,2) + (3,2) + (6b,1) + (8,1) + (8,1)",90,F1_SU3_AF
1272,"(1,2) + (3b,1) + (3b,1) + (6,1) + (8,2)",90,F1_SU3_AF
1273,"(1,2) + (3b,1) + (3b,1) + (6b,1) + (8,2)",90,F1_SU3_AF
1274,"(1,2) + (3b,2) + (6,1) + (8,1) + (8,1)",90,F1_SU3_AF
1275,"(1,2) + (3b,2) + (6b,1) + (8,1) + (8,1)",90,F1_SU3_AF
1276,"(1,2) + (6,1) + (6,1) + (8,2)",90,F1_SU3_AF
1277,"(1,2) + (6,1) + (6b,1) + (8,2)",90,F1_SU3_AF
1278,"(1,2) + (6,2) + (8,1) + (8,1)",90,F1_SU3_AF
1279,"(1,2) + (6b,1) + (6b,1) + (8,2)",90,F1_SU3_AF
1280,"(1,2) + (6b,2) + (8,1) + (8,1)",90,F1_SU3_AF
1281,"(3,1) + (3,1) + (8,1) + (8,2)",90,F1_SU3_AF
1282,"(3,1) + (3b,1) + (8,1) + (8,2)",90,F1_SU3_AF
1283,"(3,2) + (8,1) + (8,1) + (8,1)",90,F1_SU3_AF
1284,"(3b,1) + (3b,1) + (8,1) + (8,2)",90,F1_SU3_AF
1285,"(3b,2) + (8,1) + (8,1) + (8,1)",90,F1_SU3_AF
1286,"(6,1) + (6,1) + (6,1) + (6,2)",90,F1_SU3_AF
1287,"(6,1) + (6,1) + (6,1) + (6b,2)",90,F1_SU3_AF
1288,"(6,1) + (6,1) + (6,2) + (6b,1)",90,F1_SU3_AF
1289,"(6,1) + (6,1) + (6b,1) + (6b,2)",90,F1_SU3_AF
1290,"(6,1) + (6,2) + (6b,1) + (6b,1)",90,F1_SU3_AF
1291,"(6,1) + (6b,1) + (6b,1) + (6b,2)",90,F1_SU3_AF
1292,"(6,1) + (8,1) + (8,2)",90,F1_SU3_AF
1293,"(6,2) + (6b,1) + (6b,1) + (6b,1)",90,F1_SU3_AF
1294,"(6b,1) + (6b,1) + (6b,1) + (6b,2)",90,F1_SU3_AF
1295,"(6b,1) + (8,1) + (8,2)",90,F1_SU3_AF
1296,"(1,1) + (1,1) + (1,2) + (3,1) + (6,1) + (6,1) + (6,2)",93,F1_SU3_AF
1297,"(1,1) + (1,1) + (1,2) + (3,1) + (6,1) + (6,1) + (6b,2)",93,F1_SU3_AF
1298,"(1,1) + (1,1) + (1,2) + (3,1) + (6,1) + (6,2) + (6b,1)",93,F1_SU3_AF
1299,"(1,1) + (1,1) + (1,2) + (3,1) + (6,1) + (6b,1) + (6b,2)",93,F1_SU3_AF
1300,"(1,1) + (1,1) + (1,2) + (3,1) + (6,2) + (6b,1) + (6b,1)",93,F1_SU3_AF
1301,"(1,1) + (1,1) + (1,2) + (3,1) + (6b,1) + (6b,1) + (6b,2)",93,F1_SU3_AF
1302,"(1,1) + (1,1) + (1,2) + (3,1) + (8,1) + (8,2)",93,F1_SU3_AF
1303,"(1,1) + (1,1) + (1,2) + (3b,1) + (6,1) + (6,1) + (6,2)",93,F1_SU3_AF
1304,"(1,1) + (1,1) + (1,2) + (3b,1) + (6,1) + (6,1) + (6b,2)",93,F1_SU3_AF
1305,"(1,1) + (1,1) + (1,2) + (3b,1) + (6,1) + (6,2) + (6b,1)",93,F1_SU3_AF
1306,"(1,1) + (1,1) + (1,2) + (3b,1) + (6,1) + (6b,1) + (6b,2)",93,F1_SU3_AF
1307,"(1,1) + (1,1) + (1,2) + (3b,1) + (6,2) + (6b,1) + (6b,1)",93,F1_SU3_AF
1308,"(1,1) + (1,1) + (1,2) + (3b,1) + (6b,1) + (6b,1) + (6b,2)",93,F1_SU3_AF
1309,"(1,1) + (1,1) + (1,2) + (3b,1) + (8,1) + (8,2)",93,F1_SU3_AF
1310,"(1,1) + (1,1) + (3,1) + (6,1) + (6,2) + (8,1)",93,F1_SU3_AF
1311,"(1,1) + (1,1) + (3,1) + (6,1) + (6b,2) + (8,1)",93,F1_SU3_AF
1312,"(1,1) + (1,1) + (3,1) + (6,2) + (6b,1) + (8,1)",93,F1_SU3_AF
1313,"(1,1) + (1,1) + (3,1) + (6b,1) + (6b,2) + (8,1)",93,F1_SU3_AF
1314,"(1,1) + (1,1) + (3b,1) + (6,1) + (6,2) + (8,1)",93,F1_SU3_AF
1315,"(1,1) + (1,1) + (3b,1) + (6,1) + (6b,2) + (8,1)",93,F1_SU3_AF
1316,"(1,1) + (1,1) + (3b,1) + (6,2) + (6b,1) + (8,1)",93,F1_SU3_AF
1317,"(1,1) + (1,1) + (3b,1) + (6b,1) + (6b,2) + (8,1)",93,F1_SU3_AF
1318,"(1,1) + (1,2) + (3,1) + (3,1) + (6,1) + (8,2)",93,F1_SU3_AF
1319,"(1,1) + (1,2) + (3,1) + (3,1) + (6b,1) + (8,2)",93,F1_SU3_AF
1320,"(1,1) + (1,2) + (3,1) + (3b,1) + (6,1) + (8,2)",93,F1_SU3_AF
1321,"(1,1) + (1,2) + (3,1) + (3b,1) + (6b,1) + (8,2)",93,F1_SU3_AF
1322,"(1,1) + (1,2) + (3,2) + (6,1) + (8,1) + (8,1)",93,F1_SU3_AF
1323,"(1,1) + (1,2) + (3,2) + (6b,1) + (8,1) + (8,1)",93,F1_SU3_AF
1324,"(1,1) + (1,2) + (3b,1) + (3b,1) + (6,1) + (8,2)",93,F1_SU3_AF
1325,"(1,1) + (1,2) + (3b,1) + (3b,1) + (6b,1) + (8,2)",93,F1_SU3_AF
1326,"(1,1) + (1,2) + (3b,2) + (6,1) + (8,1) + (8,1)",93,F1_SU3_AF
1327,"(1,1) + (1,2) + (3b,2) + (6b,1) + (8,1) + (8,1)",93,F1_SU3_AF
1328,"(1,1) + (1,2) + (6,1) + (6,1) + (8,2)",93,F1_SU3_AF
1329,"(1,1) + (1,2) + (6,1) + (6b,1) + (8,2)",93,F1_SU3_AF
1330,"(1,1) + (1,2) + (6,2) + (8,1) + (8,1)",93,F1_SU3_AF
1331,"(1,1) + (1,2) + (6b,1) + (6b,1) + (8,2)",93,F1_SU3_AF
1332,"(1,1) + (1,2) + (6b,2) + (8,1) + (8,1)",93,F1_SU3_AF
1333,"(1,1) + (3,1) + (3,1) + (8,1) + (8,2)",93,F1_SU3_AF
1334,"(1,1) + (3,1) + (3b,1) + (8,1) + (8,2)",93,F1_SU3_AF
1335,"(1,1) + (3,2) + (8,1) + (8,1) + (8,1)",93,F1_SU3_AF
1336,"(1,1) + (3b,1) + (3b,1) + (8,1) + (8,2)",93,F1_SU3_AF
1337,"(1,1) + (3b,2) + (8,1) + (8,1) + (8,1)",93,F1_SU3_AF
1338,"(1,1) + (6,1) + (6,1) + (6,1) + (6,2)",93,F1_SU3_AF
1339,"(1,1) + (6,1) + (6,1) + (6,1) + (6b,2)",93,F1_SU3_AF
1340,"(1,1) + (6,1) + (6,1) + (6,2) + (6b,1)",93,F1_SU3_AF
1341,"(1,1) + (6,1) + (6,1) + (6b,1) + (6b,2)",93,F1_SU3_AF
1342,"(1,1) + (6,1) + (6,2) + (6b,1) + (6b,1)",93,F1_SU3_AF
1343,"(1,1) + (6,1) + (6b,1) + (6b,1) + (6b,2)",93,F1_SU3_AF
1344,"(1,1) + (6,1) + (8,1) + (8,2)",93,F1_SU3_AF
1345,"(1,1) + (6,2) + (6b,1) + (6b,1) + (6b,1)",93,F1_SU3_AF
1346,"(1,1) + (6b,1) + (6b,1) + (6b,1) + (6b,2)",93,F1_SU3_AF
1347,"(1,1) + (6b,1) + (8,1) + (8,2)",93,F1_SU3_AF
1348,"(1,2) + (3,1) + (6,1) + (6,2) + (8,1)",93,F1_SU3_AF
1349,"(1,2) + (3,1) + (6,1) + (6b,2) + (8,1)",93,F1_SU3_AF
1350,"(1,2) + (3,1) + (6,2) + (6b,1) + (8,1)",93,F1_SU3_AF
1351,"(1,2) + (3,1) + (6b,1) + (6b,2) + (8,1)",93,F1_SU3_AF
1352,"(1,2) + (3b,1) + (6,1) + (6,2) + (8,1)",93,F1_SU3_AF
1353,"(1,2) + (3b,1) + (6,1) + (6b,2) + (8,1)",93,F1_SU3_AF
1354,"(1,2) + (3b,1) + (6,2) + (6b,1) + (8,1)",93,F1_SU3_AF
1355,"(1,2) + (3b,1) + (6b,1) + (6b,2) + (8,1)",93,F1_SU3_AF
1356,"(3,1) + (6,1) + (6,1) + (8,2)",93,F1_SU3_AF
1357,"(3,1) + (6,1) + (6b,1) + (8,2)",93,F1_SU3_AF
1358,"(3,1) + (6,2) + (8,1) + (8,1)",93,F1_SU3_AF
1359,"(3,1) + (6b,1) + (6b,1) + (8,2)",93,F1_SU3_AF
1360,"(3,1) + (6b,2) + (8,1) + (8,1)",93,F1_SU3_AF
1361,"(3b,1) + (6,1) + (6,1) + (8,2)",93,F1_SU3_AF
1362,"(3b,1) + (6,1) + (6b,1) + (8,2)",93,F1_SU3_AF
1363,"(3b,1) + (6,2) + (8,1) + (8,1)",93,F1_SU3_AF
1364,"(3b,1) + (6b,1) + (6b,1) + (8,2)",93,F1_SU3_AF
1365,"(3b,1) + (6b,2) + (8,1) + (8,1)",93,F1_SU3_AF
1366,"(1,1) + (1,1) + (1,2) + (3,1) + (3,1) + (6,1) + (8,2)",96,F1_SU3_AF
1367,"(1,1) + (1,1) + (1,2) + (3,1) + (3,1) + (6b,1) + (8,2)",96,F1_SU3_AF
1368,"(1,1) + (1,1) + (1,2) + (3,1) + (3b,1) + (6,1) + (8,2)",96,F1_SU3_AF
1369,"(1,1) + (1,1) + (1,2) + (3,1) + (3b,1) + (6b,1) + (8,2)",96,F1_SU3_AF
1370,"(1,1) + (1,1) + (1,2) + (3,2) + (6,1) + (8,1) + (8,1)",96,F1_SU3_AF
1371,"(1,1) + (1,1) + (1,2) + (3,2) + (6b,1) + (8,1) + (8,1)",96,F1_SU3_AF
1372,"(1,1) + (1,1) + (1,2) + (3b,1) + (3b,1) + (6,1) + (8,2)",96,F1_SU3_AF
1373,"(1,1) + (1,1) + (1,2) + (3b,1) + (3b,1) + (6b,1) + (8,2)",96,F1_SU3_AF
1374,"(1,1) + (1,1) + (1,2) + (3b,2) + (6,1) + (8,1) + (8,1)",96,F1_SU3_AF
1375,"(1,1) + (1,1) + (1,2) + (3b,2) + (6b,1) + (8,1) + (8,1)",96,F1_SU3_AF
1376,"(1,1) + (1,1) + (1,2) + (6,1) + (6,1) + (8,2)",96,F1_SU3_AF
1377,"(1,1) + (1,1) + (1,2) + (6,1) + (6b,1) + (8,2)",96,F1_SU3_AF
1378,"(1,1) + (1,1) + (1,2) + (6,2) + (8,1) + (8,1)",96,F1_SU3_AF
1379,"(1,1) + (1,1) + (1,2) + (6b,1) + (6b,1) + (8,2)",96,F1_SU3_AF
1380,"(1,1) + (1,1) + (1,2) + (6b,2) + (8,1) + (8,1)",96,F1_SU3_AF
1381,"(1,1) + (1,1) + (3,1) + (3,1) + (8,1) + (8,2)",96,F1_SU3_AF
1382,"(1,1) + (1,1) + (3,1) + (3b,1) + (8,1) + (8,2)",96,F1_SU3_AF
1383,"(1,1) + (1,1) + (3,2) + (8,1) + (8,1) + (8,1)",96,F1_SU3_AF
1384,"(1,1) + (1,1) + (3b,1) + (3b,1) + (8,1) + (8,2)",96,F1_SU3_AF
1385,"(1,1) + (1,1) + (3b,2) + (8,1) + (8,1) + (8,1)",96,F1_SU3_AF
1386,"(1,1) + (1,1) + (6,1) + (6,1) + (6,1) + (6,2)",96,F1_SU3_AF
1387,"(1,1) + (1,1) + (6,1) + (6,1) + (6,1) + (6b,2)",96,F1_SU3_AF
1388,"(1,1) + (1,1) + (6,1) + (6,1) + (6,2) + (6b,1)",96,F1_SU3_AF
1389,"(1,1) + (1,1) + (6,1) + (6,1) + (6b,1) + (6b,2)",96,F1_SU3_AF
1390,"(1,1) + (1,1) + (6,1) + (6,2) + (6b,1) + (6b,1)",96,F1_SU3_AF
1391,"(1,1) + (1,1) + (6,1) + (6b,1) + (6b,1) + (6b,2)",96,F1_SU3_AF
1392,"(1,1) + (1,1) + (6,1) + (8,1) + (8,2)",96,F1_SU3_AF
1393,"(1,1) + (1,1) + (6,2) + (6b,1) + (6b,1) + (6b,1)",96,F1_SU3_AF
1394,"(1,1) + (1,1) + (6b,1) + (6b,1) + (6b,1) + (6b,2)",96,F1_SU3_AF
1395,"(1,1) + (1,1) + (6b,1) + (8,1) + (8,2)",96,F1_SU3_AF
1396,"(1,1) + (1,2) + (3,1) + (6,1) + (6,2) + (8,1)",96,F1_SU3_AF
1397,"(1,1) + (1,2) + (3,1) + (6,1) + (6b,2) + (8,1)",96,F1_SU3_AF
1398,"(1,1) + (1,2) + (3,1) + (6,2) + (6b,1) + (8,1)",96,F1_SU3_AF
1399,"(1,1) + (1,2) + (3,1) + (6b,1) + (6b,2) + (8,1)",96,F1_SU3_AF
1400,"(1,1) + (1,2) + (3b,1) + (6,1) + (6,2) + (8,1)",96,F1_SU3_AF
1401,"(1,1) + (1,2) + (3b,1) + (6,1) + (6b,2) + (8,1)",96,F1_SU3_AF
1402,"(1,1) + (1,2) + (3b,1) + (6,2) + (6b,1) + (8,1)",96,F1_SU3_AF
1403,"(1,1) + (1,2) + (3b,1) + (6b,1) + (6b,2) + (8,1)",96,F1_SU3_AF
1404,"(1,1) + (3,1) + (6,1) + (6,1) + (8,2)",96,F1_SU3_AF
1405,"(1,1) + (3,1) + (6,1) + (6b,1) + (8,2)",96,F1_SU3_AF
1406,"(1,1) + (3,1) + (6,2) + (8,1) + (8,1)",96,F1_SU3_AF
1407,"(1,1) + (3,1) + (6b,1) + (6b,1) + (8,2)",96,F1_SU3_AF
1408,"(1,1) + (3,1) + (6b,2) + (8,1) + (8,1)",96,F1_SU3_AF
1409,"(1,1) + (3b,1) + (6,1) + (6,1) + (8,2)",96,F1_SU3_AF
1410,"(1,1) + (3b,1) + (6,1) + (6b,1) + (8,2)",96,F1_SU3_AF
1411,"(1,1) + (3b,1) + (6,2) + (8,1) + (8,1)",96,F1_SU3_AF
1412,"(1,1) + (3b,1) + (6b,1) + (6b,1) + (8,2)",96,F1_SU3_AF
1413,"(1,1) + (3b,1) + (6b,2) + (8,1) + (8,1)",96,F1_SU3_AF
1414,"(1,2) + (3,1) + (3,1) + (8,1) + (8,2)",96,F1_SU3_AF
1415,"(1,2) + (3,1) + (3b,1) + (8,1) + (8,2)",96,F1_SU3_AF
1416,"(1,2) + (3,2) + (8,1) + (8,1) + (8,1)",96,F1_SU3_AF
1417,"(1,2) + (3b,1) + (3b,1) + (8,1) + (8,2)",96,F1_SU3_AF
1418,"(1,2) + (3b,2) + (8,1) + (8,1) + (8,1)",96,F1_SU3_AF
1419,"(1,2) + (6,1) + (6,1) + (6,1) + (6,2)",96,F1_SU3_AF
1420,"(1,2) + (6,1) + (6,1) + (6,1) + (6b,2)",96,F1_SU3_AF
1421,"(1,2) + (6,1) + (6,1) + (6,2) + (6b,1)",96,F1_SU3_AF
1422,"(1,2) + (6,1) + (6,1) + (6b,1) + (6b,2)",96,F1_SU3_AF
1423,"(1,2) + (6,1) + (6,2) + (6b,1) + (6b,1)",96,F1_SU3_AF
1424,"(1,2) + (6,1) + (6b,1) + (6b,1) + (6b,2)",96,F1_SU3_AF
1425,"(1,2) + (6,1) + (8,1) + (8,2)",96,F1_SU3_AF
1426,"(1,2) + (6,2) + (6b,1) + (6b,1) + (6b,1)",96,F1_SU3_AF
1427,"(1,2) + (6b,1) + (6b,1) + (6b,1) + (6b,2)",96,F1_SU3_AF
1428,"(1,2) + (6b,1) + (8,1) + (8,2)",96,F1_SU3_AF
1429,"(6,1) + (6,1) + (6,2) + (8,1)",96,F1_SU3_AF
1430,"(6,1) + (6,1) + (6b,2) + (8,1)",96,F1_SU3_AF
1431,"(6,1) + (6,2) + (6b,1) + (8,1)",96,F1_SU3_AF
1432,"(6,1) + (6b,1) + (6b,2) + (8,1)",96,F1_SU3_AF
1433,"(6,2) + (6b,1) + (6b,1) + (8,1)",96,F1_SU3_AF
1434,"(6b,1) + (6b,1) + (6b,2) + (8,1)",96,F1_SU3_AF
1435,"(8,1) + (8,1) + (8,2)",96,F1_SU3_AF
1436,"(1,1) + (1,1) + (1,2) + (3,1) + (6,1) + (6,2) + (8,1)",99,F1_SU3_AF
1437,"(1,1) + (1,1) + (1,2) + (3,1) + (6,1) + (6b,2) + (8,1)",99,F1_SU3_AF
1438,"(1,1) + (1,1) + (1,2) + (3,1) + (6,2) + (6b,1) + (8,1)",99,F1_SU3_AF
1439,"(1,1) + (1,1) + (1,2) + (3,1) + (6b,1) + (6b,2) + (8,1)",99,F1_SU3_AF
1440,"(1,1) + (1,1) + (1,2) + (3b,1) + (6,1) + (6,2) + (8,1)",99,F1_SU3_AF
1441,"(1,1) + (1,1) + (1,2) + (3b,1) + (6,1) + (6b,2) + (8,1)",99,F1_SU3_AF
1442,"(1,1) + (1,1) + (1,2) + (3b,1) + (6,2) + (6b,1) + (8,1)",99,F1_SU3_AF
1443,"(1,1) + (1,1) + (1,2) + (3b,1) + (6b,1) + (6b,2) + (8,1)",99,F1_SU3_AF
1444,"(1,1) + (1,1) + (3,1) + (6,1) + (6,1) + (8,2)",99,F1_SU3_AF
1445,"(1,1) + (1,1) + (3,1) + (6,1) + (6b,1) + (8,2)",99,F1_SU3_AF
1446,"(1,1) + (1,1) + (3,1) + (6,2) + (8,1) + (8,1)",99,F1_SU3_AF
1447,"(1,1) + (1,1) + (3,1) + (6b,1) + (6b,1) + (8,2)",99,F1_SU3_AF
1448,"(1,1) + (1,1) + (3,1) + (6b,2) + (8,1) + (8,1)",99,F1_SU3_AF
1449,"(1,1) + (1,1) + (3b,1) + (6,1) + (6,1) + (8,2)",99,F1_SU3_AF
1450,"(1,1) + (1,1) + (3b,1) + (6,1) + (6b,1) + (8,2)",99,F1_SU3_AF
1451,"(1,1) + (1,1) + (3b,1) + (6,2) + (8,1) + (8,1)",99,F1_SU3_AF
1452,"(1,1) + (1,1) + (3b,1) + (6b,1) + (6b,1) + (8,2)",99,F1_SU3_AF
1453,"(1,1) + (1,1) + (3b,1) + (6b,2) + (8,1) + (8,1)",99,F1_SU3_AF
1454,"(1,1) + (1,2) + (3,1) + (3,1) + (8,1) + (8,2)",99,F1_SU3_AF
1455,"(1,1) + (1,2) + (3,1) + (3b,1) + (8,1) + (8,2)",99,F1_SU3_AF
1456,"(1,1) + (1,2) + (3,2) + (8,1) + (8,1) + (8,1)",99,F1_SU3_AF
1457,"(1,1) + (1,2) + (3b,1) + (3b,1) + (8,1) + (8,2)",99,F1_SU3_AF
1458,"(1,1) + (1,2) + (3b,2) + (8,1) + (8,1) + (8,1)",99,F1_SU3_AF
1459,"(1,1) + (1,2) + (6,1) + (6,1) + (6,1) + (6,2)",99,F1_SU3_AF
1460,"(1,1) + (1,2) + (6,1) + (6,1) + (6,1) + (6b,2)",99,F1_SU3_AF
1461,"(1,1) + (1,2) + (6,1) + (6,1) + (6,2) + (6b,1)",99,F1_SU3_AF
1462,"(1,1) + (1,2) + (6,1) + (6,1) + (6b,1) + (6b,2)",99,F1_SU3_AF
1463,"(1,1) + (1,2) + (6,1) + (6,2) + (6b,1) + (6b,1)",99,F1_SU3_AF
1464,"(1,1) + (1,2) + (6,1) + (6b,1) + (6b,1) + (6b,2)",99,F1_SU3_AF
1465,"(1,1) + (1,2) + (6,1) + (8,1) + (8,2)",99,F1_SU3_AF
1466,"(1,1) + (1,2) + (6,2) + (6b,1) + (6b,1) + (6b,1)",99,F1_SU3_AF
1467,"(1,1) + (1,2) + (6b,1) + (6b,1) + (6b,1) + (6b,2)",99,F1_SU3_AF
1468,"(1,1) + (1,2) + (6b,1) + (8,1) + (8,2)",99,F1_SU3_AF
1469,"(1,1) + (6,1) + (6,1) + (6,2) + (8,1)",99,F1_SU3_AF
1470,"(1,1) + (6,1) + (6,1) + (6b,2) + (8,1)",99,F1_SU3_AF
1471,"(1,1) + (6,1) + (6,2) + (6b,1) + (8,1)",99,F1_SU3_AF
1472,"(1,1) + (6,1) + (6b,1) + (6b,2) + (8,1)",99,F1_SU3_AF
1473,"(1,1) + (6,2) + (6b,1) + (6b,1) + (8,1)",99,F1_SU3_AF
1474,"(1,1) + (6b,1) + (6b,1) + (6b,2) + (8,1)",99,F1_SU3_AF
1475,"(1,1) + (8,1) + (8,1) + (8,2)",99,F1_SU3_AF
1476,"(1,2) + (3,1) + (6,1) + (6,1) + (8,2)",99,F1_SU3_AF
1477,"(1,2) + (3,1) + (6,1) + (6b,1) + (8,2)",99,F1_SU3_AF
1478,"(1,2) + (3,1) + (6,2) + (8,1) + (8,1)",99,F1_SU3_AF
1479,"(1,2) + (3,1) + (6b,1) + (6b,1) + (8,2)",99,F1_SU3_AF
1480,"(1,2) + (3,1) + (6b,2) + (8,1) + (8,1)",99,F1_SU3_AF
1481,"(1,2) + (3b,1) + (6,1) + (6,1) + (8,2)",99,F1_SU3_AF
1482,"(1,2) + (3b,1) + (6,1) + (6b,1) + (8,2)",99,F1_SU3_AF
1483,"(1,2) + (3b,1) + (6,2) + (8,1) + (8,1)",99,F1_SU3_AF
1484,"(1,2) + (3b,1) + (6b,1) + (6b,1) + (8,2)",99,F1_SU3_AF
1485,"(1,2) + (3b,1) + (6b,2) + (8,1) + (8,1)",99,F1_SU3_AF
1486,"(3,1) + (6,1) + (8,1) + (8,2)",99,F1_SU3_AF
1487,"(3,1) + (6b,1) + (8,1) + (8,2)",99,F1_SU3_AF
1488,"(3b,1) + (6,1) + (8,1) + (8,2)",99,F1_SU3_AF
1489,"(3b,1) + (6b,1) + (8,1) + (8,2)",99,F1_SU3_AF
1490,"(1,1) + (1,1) + (1,2) + (3,1) + (3,1) + (8,1) + (8,2)",102,F1_SU3_AF
1491,"(1,1) + (1,1) + (1,2) + (3,1) + (3b,1) + (8,1) + (8,2)",102,F1_SU3_AF
1492,"(1,1) + (1,1) + (1,2) + (3,2) + (8,1) + (8,1) + (8,1)",102,F1_SU3_AF
1493,"(1,1) + (1,1) + (1,2) + (3b,1) + (3b,1) + (8,1) + (8,2)",102,F1_SU3_AF
1494,"(1,1) + (1,1) + (1,2) + (3b,2) + (8,1) + (8,1) + (8,1)",102,F1_SU3_AF
1495,"(1,1) + (1,1) + (1,2) + (6,1) + (6,1) + (6,1) + (6,2)",102,F1_SU3_AF
1496,"(1,1) + (1,1) + (1,2) + (6,1) + (6,1) + (6,1) + (6b,2)",102,F1_SU3_AF
1497,"(1,1) + (1,1) + (1,2) + (6,1) + (6,1) + (6,2) + (6b,1)",102,F1_SU3_AF
1498,"(1,1) + (1,1) + (1,2) + (6,1) + (6,1) + (6b,1) + (6b,2)",102,F1_SU3_AF
1499,"(1,1) + (1,1) + (1,2) + (6,1) + (6,2) + (6b,1) + (6b,1)",102,F1_SU3_AF
1500,"(1,1) + (1,1) + (1,2) + (6,1) + (6b,1) + (6b,1) + (6b,2)",102,F1_SU3_AF
1501,"(1,1) + (1,1) + (1,2) + (6,1) + (8,1) + (8,2)",102,F1_SU3_AF
1502,"(1,1) + (1,1) + (1,2) + (6,2) + (6b,1) + (6b,1) + (6b,1)",102,F1_SU3_AF
1503,"(1,1) + (1,1) + (1,2) + (6b,1) + (6b,1) + (6b,1) + (6b,2)",102,F1_SU3_AF
1504,"(1,1) + (1,1) + (1,2) + (6b,1) + (8,1) + (8,2)",102,F1_SU3_AF
1505,"(1,1) + (1,1) + (6,1) + (6,1) + (6,2) + (8,1)",102,F1_SU3_AF
1506,"(1,1) + (1,1) + (6,1) + (6,1) + (6b,2) + (8,1)",102,F1_SU3_AF
1507,"(1,1) + (1,1) + (6,1) + (6,2) + (6b,1) + (8,1)",102,F1_SU3_AF
1508,"(1,1) + (1,1) + (6,1) + (6b,1) + (6b,2) + (8,1)",102,F1_SU3_AF
1509,"(1,1) + (1,1) + (6,2) + (6b,1) + (6b,1) + (8,1)",102,F1_SU3_AF
1510,"(1,1) + (1,1) + (6b,1) + (6b,1) + (6b,2) + (8,1)",102,F1_SU3_AF
1511,"(1,1) + (1,1) + (8,1) + (8,1) + (8,2)",102,F1_SU3_AF
1512,"(1,1) + (1,2) + (3,1) + (6,1) + (6,1) + (8,2)",102,F1_SU3_AF
1513,"(1,1) + (1,2) + (3,1) + (6,1) + (6b,1) + (8,2)",102,F1_SU3_AF
1514,"(1,1) + (1,2) + (3,1) + (6,2) + (8,1) + (8,1)",102,F1_SU3_AF
1515,"(1,1) + (1,2) + (3,1) + (6b,1) + (6b,1) + (8,2)",102,F1_SU3_AF
1516,"(1,1) + (1,2) + (3,1) + (6b,2) + (8,1) + (8,1)",102,F1_SU3_AF
1517,"(1,1) + (1,2) + (3b,1) + (6,1) + (6,1) + (8,2)",102,F1_SU3_AF
1518,"(1,1) + (1,2) + (3b,1) + (6,1) + (6b,1) + (8,2)",102,F1_SU3_AF
1519,"(1,1) + (1,2) + (3b,1) + (6,2) + (8,1) + (8,1)",102,F1_SU3_AF
1520,"(1,1) + (1,2) + (3b,1) + (6b,1) + (6b,1) + (8,2)",102,F1_SU3_AF
1521,"(1,1) + (1,2) + (3b,1) + (6b,2) + (8,1) + (8,1)",102,F1_SU3_AF
1522,"(1,1) + (3,1) + (6,1) + (8,1) + (8,2)",102,F1_SU3_AF
1523,"(1,1) + (3,1) + (6b,1) + (8,1) + (8,2)",102,F1_SU3_AF
1524,"(1,1) + (3b,1) + (6,1) + (8,1) + (8,2)",102,F1_SU3_AF
1525,"(1,1) + (3b,1) + (6b,1) + (8,1) + (8,2)",102,F1_SU3_AF
1526,"(1,2) + (6,1) + (6,1) + (6,2) + (8,1)",102,F1_SU3_AF
1527,"(1,2) + (6,1) + (6,1) + (6b,2) + (8,1)",102,F1_SU3_AF
1528,"(1,2) + (6,1) + (6,2) + (6b,1) + (8,1)",102,F1_SU3_AF
1529,"(1,2) + (6,1) + (6b,1) + (6b,2) + (8,1)",102,F1_SU3_AF
1530,"(1,2) + (6,2) + (6b,1) + (6b,1) + (8,1)",102,F1_SU3_AF
1531,"(1,2) + (6b,1) + (6b,1) + (6b,2) + (8,1)",102,F1_SU3_AF
1532,"(1,2) + (8,1) + (8,1) + (8,2)",102,F1_SU3_AF
1533,"(6,1) + (6,1) + (6,1) + (8,2)",102,F1_SU3_AF
1534,"(6,1) + (6,1) + (6b,1) + (8,2)",102,F1_SU3_AF
1535,"(6,1) + (6,2) + (8,1) + (8,1)",102,F1_SU3_AF
1536,"(6,1) + (6b,1) + (6b,1) + (8,2)",102,F1_SU3_AF
1537,"(6,1) + (6b,2) + (8,1) + (8,1)",102,F1_SU3_AF
1538,"(6,2) + (6b,1) + (8,1) + (8,1)",102,F1_SU3_AF
1539,"(6b,1) + (6b,1) + (6b,1) + (8,2)",102,F1_SU3_AF
1540,"(6b,1) + (6b,2) + (8,1) + (8,1)",102,F1_SU3_AF
1541,"(1,1) + (1,1) + (1,2) + (3,1) + (6,1) + (6,1) + (8,2)",105,F1_SU3_AF
1542,"(1,1) + (1,1) + (1,2) + (3,1) + (6,1) + (6b,1) + (8,2)",105,F1_SU3_AF
1543,"(1,1) + (1,1) + (1,2) + (3,1) + (6,2) + (8,1) + (8,1)",105,F1_SU3_AF
1544,"(1,1) + (1,1) + (1,2) + (3,1) + (6b,1) + (6b,1) + (8,2)",105,F1_SU3_AF
1545,"(1,1) + (1,1) + (1,2) + (3,1) + (6b,2) + (8,1) + (8,1)",105,F1_SU3_AF
1546,"(1,1) + (1,1) + (1,2) + (3b,1) + (6,1) + (6,1) + (8,2)",105,F1_SU3_AF
1547,"(1,1) + (1,1) + (1,2) + (3b,1) + (6,1) + (6b,1) + (8,2)",105,F1_SU3_AF
1548,"(1,1) + (1,1) + (1,2) + (3b,1) + (6,2) + (8,1) + (8,1)",105,F1_SU3_AF
1549,"(1,1) + (1,1) + (1,2) + (3b,1) + (6b,1) + (6b,1) + (8,2)",105,F1_SU3_AF
1550,"(1,1) + (1,1) + (1,2) + (3b,1) + (6b,2) + (8,1) + (8,1)",105,F1_SU3_AF
1551,"(1,1) + (1,1) + (3,1) + (6,1) + (8,1) + (8,2)",105,F1_SU3_AF
1552,"(1,1) + (1,1) + (3,1) + (6b,1) + (8,1) + (8,2)",105,F1_SU3_AF
1553,"(1,1) + (1,1) + (3b,1) + (6,1) + (8,1) + (8,2)",105,F1_SU3_AF
1554,"(1,1) + (1,1) + (3b,1) + (6b,1) + (8,1) + (8,2)",105,F1_SU3_AF
1555,"(1,1) + (1,2) + (6,1) + (6,1) + (6,2) + (8,1)",105,F1_SU3_AF
1556,"(1,1) + (1,2) + (6,1) + (6,1) + (6b,2) + (8,1)",105,F1_SU3_AF
1557,"(1,1) + (1,2) + (6,1) + (6,2) + (6b,1) + (8,1)",105,F1_SU3_AF
1558,"(1,1) + (1,2) + (6,1) + (6b,1) + (6b,2) + (8,1)",105,F1_SU3_AF
1559,"(1,1) + (1,2) + (6,2) + (6b,1) + (6b,1) + (8,1)",105,F1_SU3_AF
1560,"(1,1) + (1,2) + (6b,1) + (6b,1) + (6b,2) + (8,1)",105,F1_SU3_AF
1561,"(1,1) + (1,2) + (8,1) + (8,1) + (8,2)",105,F1_SU3_AF
1562,"(1,1) + (6,1) + (6,1) + (6,1) + (8,2)",105,F1_SU3_AF
1563,"(1,1) + (6,1) + (6,1) + (6b,1) + (8,2)",105,F1_SU3_AF
1564,"(1,1) + (6,1) + (6,2) + (8,1) + (8,1)",105,F1_SU3_AF
1565,"(1,1) + (6,1) + (6b,1) + (6b,1) + (8,2)",105,F1_SU3_AF
1566,"(1,1) + (6,1) + (6b,2) + (8,1) + (8,1)",105,F1_SU3_AF
1567,"(1,1) + (6,2) + (6b,1) + (8,1) + (8,1)",105,F1_SU3_AF
1568,"(1,1) + (6b,1) + (6b,1) + (6b,1) + (8,2)",105,F1_SU3_AF
1569,"(1,1) + (6b,1) + (6b,2) + (8,1) + (8,1)",105,F1_SU3_AF
1570,"(1,2) + (3,1) + (6,1) + (8,1) + (8,2)",105,F1_SU3_AF
1571,"(1,2) + (3,1) + (6b,1) + (8,1) + (8,2)",105,F1_SU3_AF
1572,"(1,2) + (3b,1) + (6,1) + (8,1) + (8,2)",105,F1_SU3_AF
1573,"(1,2) + (3b,1) + (6b,1) + (8,1) + (8,2)",105,F1_SU3_AF
1574,"(3,1) + (8,1) + (8,1) + (8,2)",105,F1_SU3_AF
1575,"(3b,1) + (8,1) + (8,1) + (8,2)",105,F1_SU3_AF
1576,"(1,1) + (1,1) + (1,2) + (6,1) + (6,1) + (6,2) + (8,1)",108,F1_SU3_AF
1577,"(1,1) + (1,1) + (1,2) + (6,1) + (6,1) + (6b,2) + (8,1)",108,F1_SU3_AF
1578,"(1,1) + (1,1) + (1,2) + (6,1) + (6,2) + (6b,1) + (8,1)",108,F1_SU3_AF
1579,"(1,1) + (1,1) + (1,2) + (6,1) + (6b,1) + (6b,2) + (8,1)",108,F1_SU3_AF
1580,"(1,1) + (1,1) + (1,2) + (6,2) + (6b,1) + (6b,1) + (8,1)",108,F1_SU3_AF
1581,"(1,1) + (1,1) + (1,2) + (6b,1) + (6b,1) + (6b,2) + (8,1)",108,F1_SU3_AF
1582,"(1,1) + (1,1) + (1,2) + (8,1) + (8,1) + (8,2)",108,F1_SU3_AF
1583,"(1,1) + (1,1) + (6,1) + (6,1) + (6,1) + (8,2)",108,F1_SU3_AF
1584,"(1,1) + (1,1) + (6,1) + (6,1) + (6b,1) + (8,2)",108,F1_SU3_AF
1585,"(1,1) + (1,1) + (6,1) + (6,2) + (8,1) + (8,1)",108,F1_SU3_AF
1586,"(1,1) + (1,1) + (6,1) + (6b,1) + (6b,1) + (8,2)",108,F1_SU3_AF
1587,"(1,1) + (1,1) + (6,1) + (6b,2) + (8,1) + (8,1)",108,F1_SU3_AF
1588,"(1,1) + (1,1) + (6,2) + (6b,1) + (8,1) + (8,1)",108,F1_SU3_AF
1589,"(1,1) + (1,1) + (6b,1) + (6b,1) + (6b,1) + (8,2)",108,F1_SU3_AF
1590,"(1,1) + (1,1) + (6b,1) + (6b,2) + (8,1) + (8,1)",108,F1_SU3_AF
1591,"(1,1) + (1,2) + (3,1) + (6,1) + (8,1) + (8,2)",108,F1_SU3_AF
1592,"(1,1) + (1,2) + (3,1) + (6b,1) + (8,1) + (8,2)",108,F1_SU3_AF
1593,"(1,1) + (1,2) + (3b,1) + (6,1) + (8,1) + (8,2)",108,F1_SU3_AF
1594,"(1,1) + (1,2) + (3b,1) + (6b,1) + (8,1) + (8,2)",108,F1_SU3_AF
1595,"(1,1) + (3,1) + (8,1) + (8,1) + (8,2)",108,F1_SU3_AF
1596,"(1,1) + (3b,1) + (8,1) + (8,1) + (8,2)",108,F1_SU3_AF
1597,"(1,2) + (6,1) + (6,1) + (6,1) + (8,2)",108,F1_SU3_AF
1598,"(1,2) + (6,1) + (6,1) + (6b,1) + (8,2)",108,F1_SU3_AF
1599,"(1,2) + (6,1) + (6,2) + (8,1) + (8,1)",108,F1_SU3_AF
1600,"(1,2) + (6,1) + (6b,1) + (6b,1) + (8,2)",108,F1_SU3_AF
1601,"(1,2) + (6,1) + (6b,2) + (8,1) + (8,1)",108,F1_SU3_AF
1602,"(1,2) + (6,2) + (6b,1) + (8,1) + (8,1)",108,F1_SU3_AF
1603,"(1,2) + (6b,1) + (6b,1) + (6b,1) + (8,2)",108,F1_SU3_AF
1604,"(1,2) + (6b,1) + (6b,2) + (8,1) + (8,1)",108,F1_SU3_AF
1605,"(6,1) + (6,1) + (8,1) + (8,2)",108,F1_SU3_AF
1606,"(6,1) + (6b,1) + (8,1) + (8,2)",108,F1_SU3_AF
1607,"(6,2) + (8,1) + (8,1) + (8,1)",108,F1_SU3_AF
1608,"(6b,1) + (6b,1) + (8,1) + (8,2)",108,F1_SU3_AF
1609,"(6b,2) + (8,1) + (8,1) + (8,1)",108,F1_SU3_AF
1610,"(1,1) + (1,1) + (1,2) + (3,1) + (6,1) + (8,1) + (8,2)",111,F1_SU3_AF
1611,"(1,1) + (1,1) + (1,2) + (3,1) + (6b,1) + (8,1) + (8,2)",111,F1_SU3_AF
1612,"(1,1) + (1,1) + (1,2) + (3b,1) + (6,1) + (8,1) + (8,2)",111,F1_SU3_AF
1613,"(1,1) + (1,1) + (1,2) + (3b,1) + (6b,1) + (8,1) + (8,2)",111,F1_SU3_AF
1614,"(1,1) + (1,1) + (3,1) + (8,1) + (8,1) + (8,2)",111,F1_SU3_AF
1615,"(1,1) + (1,1) + (3b,1) + (8,1) + (8,1) + (8,2)",111,F1_SU3_AF
1616,"(1,1) + (1,2) + (6,1) + (6,1) + (6,1) + (8,2)",111,F1_SU3_AF
1617,"(1,1) + (1,2) + (6,1) + (6,1) + (6b,1) + (8,2)",111,F1_SU3_AF
1618,"(1,1) + (1,2) + (6,1) + (6,2) + (8,1) + (8,1)",111,F1_SU3_AF
1619,"(1,1) + (1,2) + (6,1) + (6b,1) + (6b,1) + (8,2)",111,F1_SU3_AF
1620,"(1,1) + (1,2) + (6,1) + (6b,2) + (8,1) + (8,1)",111,F1_SU3_AF
1621,"(1,1) + (1,2) + (6,2) + (6b,1) + (8,1) + (8,1)",111,F1_SU3_AF
1622,"(1,1) + (1,2) + (6b,1) + (6b,1) + (6b,1) + (8,2)",111,F1_SU3_AF
1623,"(1,1) + (1,2) + (6b,1) + (6b,2) + (8,1) + (8,1)",111,F1_SU3_AF
1624,"(1,1) + (6,1) + (6,1) + (8,1) + (8,2)",111,F1_SU3_AF
1625,"(1,1) + (6,1) + (6b,1) + (8,1) + (8,2)",111,F1_SU3_AF
1626,"(1,1) + (6,2) + (8,1) + (8,1) + (8,1)",111,F1_SU3_AF
1627,"(1,1) + (6b,1) + (6b,1) + (8,1) + (8,2)",111,F1_SU3_AF
1628,"(1,1) + (6b,2) + (8,1) + (8,1) + (8,1)",111,F1_SU3_AF
1629,"(1,2) + (3,1) + (8,1) + (8,1) + (8,2)",111,F1_SU3_AF
1630,"(1,2) + (3b,1) + (8,1) + (8,1) + (8,2)",111,F1_SU3_AF
1631,"(1,1) + (1,1) + (1,2) + (6,1) + (6,1) + (6,1) + (8,2)",114,F1_SU3_AF
1632,"(1,1) + (1,1) + (1,2) + (6,1) + (6,1) + (6b,1) + (8,2)",114,F1_SU3_AF
1633,"(1,1) + (1,1) + (1,2) + (6,1) + (6,2) + (8,1) + (8,1)",114,F1_SU3_AF
1634,"(1,1) + (1,1) + (1,2) + (6,1) + (6b,1) + (6b,1) + (8,2)",114,F1_SU3_AF
1635,"(1,1) + (1,1) + (1,2) + (6,1) + (6b,2) + (8,1) + (8,1)",114,F1_SU3_AF
1636,"(1,1) + (1,1) + (1,2) + (6,2) + (6b,1) + (8,1) + (8,1)",114,F1_SU3_AF
1637,"(1,1) + (1,1) + (1,2) + (6b,1) + (6b,1) + (6b,1) + (8,2)",114,F1_SU3_AF
1638,"(1,1) + (1,1) + (1,2) + (6b,1) + (6b,2) + (8,1) + (8,1)",114,F1_SU3_AF
1639,"(1,1) + (1,1) + (6,1) + (6,1) + (8,1) + (8,2)",114,F1_SU3_AF
1640,"(1,1) + (1,1) + (6,1) + (6b,1) + (8,1) + (8,2)",114,F1_SU3_AF
1641,"(1,1) + (1,1) + (6,2) + (8,1) + (8,1) + (8,1)",114,F1_SU3_AF
1642,"(1,1) + (1,1) + (6b,1) + (6b,1) + (8,1) + (8,2)",114,F1_SU3_AF
1643,"(1,1) + (1,1) + (6b,2) + (8,1) + (8,1) + (8,1)",114,F1_SU3_AF
1644,"(1,1) + (1,2) + (3,1) + (8,1) + (8,1) + (8,2)",114,F1_SU3_AF
1645,"(1,1) + (1,2) + (3b,1) + (8,1) + (8,1) + (8,2)",114,F1_SU3_AF
1646,"(1,2) + (6,1) + (6,1) + (8,1) + (8,2)",114,F1_SU3_AF
1647,"(1,2) + (6,1) + (6b,1) + (8,1) + (8,2)",114,F1_SU3_AF
1648,"(1,2) + (6,2) + (8,1) + (8,1) + (8,1)",114,F1_SU3_AF
1649,"(1,2) + (6b,1) + (6b,1) + (8,1) + (8,2)",114,F1_SU3_AF
1650,"(1,2) + (6b,2) + (8,1) + (8,1) + (8,1)",114,F1_SU3_AF
1651,"(6,1) + (8,1) + (8,1) + (8,2)",114,F1_SU3_AF
1652,"(6b,1) + (8,1) + (8,1) + (8,2)",114,F1_SU3_AF
1653,"(1,1) + (1,1) + (1,2) + (3,1) + (8,1) + (8,1) + (8,2)",117,F1_SU3_AF
1654,"(1,1) + (1,1) + (1,2) + (3b,1) + (8,1) + (8,1) + (8,2)",117,F1_SU3_AF
1655,"(1,1) + (1,2) + (6,1) + (6,1) + (8,1) + (8,2)",117,F1_SU3_AF
1656,"(1,1) + (1,2) + (6,1) + (6b,1) + (8,1) + (8,2)",117,F1_SU3_AF
1657,"(1,1) + (1,2) + (6,2) + (8,1) + (8,1) + (8,1)",117,F1_SU3_AF
1658,"(1,1) + (1,2) + (6b,1) + (6b,1) + (8,1) + (8,2)",117,F1_SU3_AF
1659,"(1,1) + (1,2) + (6b,2) + (8,1) + (8,1) + (8,1)",117,F1_SU3_AF
1660,"(1,1) + (6,1) + (8,1) + (8,1) + (8,2)",117,F1_SU3_AF
1661,"(1,1) + (6b,1) + (8,1) + (8,1) + (8,2)",117,F1_SU3_AF
1662,"(1,1) + (1,1) + (1,2) + (6,1) + (6,1) + (8,1) + (8,2)",120,F1_SU3_AF
1663,"(1,1) + (1,1) + (1,2) + (6,1) + (6b,1) + (8,1) + (8,2)",120,F1_SU3_AF
1664,"(1,1) + (1,1) + (1,2) + (6,2) + (8,1) + (8,1) + (8,1)",120,F1_SU3_AF
1665,"(1,1) + (1,1) + (1,2) + (6b,1) + (6b,1) + (8,1) + (8,2)",120,F1_SU3_AF
1666,"(1,1) + (1,1) + (1,2) + (6b,2) + (8,1) + (8,1) + (8,1)",120,F1_SU3_AF
1667,"(1,1) + (1,1) + (6,1) + (8,1) + (8,1) + (8,2)",120,F1_SU3_AF
1668,"(1,1) + (1,1) + (6b,1) + (8,1) + (8,1) + (8,2)",120,F1_SU3_AF
1669,"(1,2) + (6,1) + (8,1) + (8,1) + (8,2)",120,F1_SU3_AF
1670,"(1,2) + (6b,1) + (8,1) + (8,1) + (8,2)",120,F1_SU3_AF
1671,"(8,1) + (8,1) + (8,1) + (8,2)",120,F1_SU3_AF
1672,"(1,1) + (1,2) + (6,1) + (8,1) + (8,1) + (8,2)",123,F1_SU3_AF
1673,"(1,1) + (1,2) + (6b,1) + (8,1) + (8,1) + (8,2)",123,F1_SU3_AF
1674,"(1,1) + (8,1) + (8,1) + (8,1) + (8,2)",123,F1_SU3_AF
1675,"(1,1) + (1,1) + (1,2) + (6,1) + (8,1) + (8,1) + (8,2)",126,F1_SU3_AF
1676,"(1,1) + (1,1) + (1,2) + (6b,1) + (8,1) + (8,1) + (8,2)",126,F1_SU3_AF
1677,"(1,1) + (1,1) + (8,1) + (8,1) + (8,1) + (8,2)",126,F1_SU3_AF
1678,"(1,2) + (8,1) + (8,1) + (8,1) + (8,2)",126,F1_SU3_AF
1679,"(1,1) + (1,2) + (8,1) + (8,1) + (8,1) + (8,2)",129,F1_SU3_AF
1680,"(1,1) + (1,1) + (1,2) + (8,1) + (8,1) + (8,1) + (8,2)",132,F1_SU3_AF
